District,Area,YEAR,Max_Temp,Rainfall, Humidity,Wind_Speed,Sunshine,ALT,Productions
2,634460,1969,28.4,10.6666666666667,73.3333333333333,0.533333333333333,8.86666666666667,20,280905
3,497290,1969,29.83333,11.33333,74.66667,0.933333,8.566667,6,319075
4,976420,1969,31.3,15.6666666666667,78.3333333333333,0.2,7.24141414141414,10,508305
5,765390,1969,29.2666666666667,6,71.6666666666667,0.5,8.9,9,312720
6,888530,1969,28.4333333333333,32.6666666666667,76,0.133333333333333,6.55466666666667,37,407065
7,786200,1969,28.1666666666667,19.3333333333333,77.3333333333333,0.5,7.31379310344827,9,303645
8,552400,1969,29.3333333333333,19.6666666666667,71.3333333333333,1.06666666666667,8.86666666666667,7,231120
9,1007020,1969,30.9666666666667,9.33333333333333,73,0.2,7.49,4,437665
11,726660,1969,29.4333333333333,12,71.3333333333333,0.066666666666667,7.30689655172414,6,332125
12,567080,1969,28.4333333333333,15.6666666666667,75.6666666666667,0.766666666666667,7.02643678160919,14,232810
14,1111420,1969,27.9,34.3333333333333,70.6666666666667,0.533333333333333,7.30761904761905,20,544415
16,1209490,1969,27.9666666666667,22.3333333333333,83.6666666666667,0.366666666666667,7.02666666666667,34,622025
17,1223850,1969,29.3,34,76.3333333333333,1.03333333333333,8.73333333333333,35,629510
11,612048,1970,28.4333333333333,50.3333333333333,75.6666666666667,0.2,7.30689655172414,6,218300
2,658210,1970,29.4,7.66666666666667,75.3333333333333,0.4,9.56666666666667,20,350460
3,517235,1970,28.9,53.66667,75.66667,0.966667,7.9,6,258050
4,965080,1970,29.8,29.3333333333333,80.6666666666667,0.466666666666667,7.24141414141414,10,452930
5,674300,1970,28.4666666666667,11.6666666666667,71.3333333333333,0.6,9.03333333333333,9,266655
6,893380,1970,30.7333333333333,2.66666666666667,73.3333333333333,0.5,6.55466666666667,37,455405
7,686009,1970,28.3333333333333,14.6666666666667,76.6666666666667,0.6,7.31379310344827,9,181385
8,516210,1970,30.4333333333333,8.66666666666667,71.3333333333333,0.933333333333333,9.5,7,94430
9,927445,1970,30.5666666666667,4.33333333333333,75.3333333333333,0.266666666666667,7.49,4,255935
12,493655,1970,30.1666666666667,4.33333333333333,74,1.2,7.02643678160919,14,163220
14,1142560,1970,28.1666666666667,8.66666666666667,72,0.7,7.30761904761905,20,584540
16,1286790,1970,32.9666666666667,5.66666666666667,83,0.566666666666667,7.02666666666667,34,731755
17,1241590,1970,29.1666666666667,23,74.3333333333333,1.66666666666667,9.03333333333333,35,645600
2,598645,1971,28.4,14.6666666666667,71.6666666666667,0.7,9.43333333333333,20,297250
3,546425,1971,28.46667,14.66667,75,1.133333,8.233333,6,299685
4,946545,1971,28.6,19.6666666666667,76.6666666666667,0.566666666666667,7.24141414141414,10,431115
5,682250,1971,29.4666666666667,32.6666666666667,72,0.5,8.03333333333333,9,302490
6,792830,1971,29.2666666666667,1.66666666666667,74.6666666666667,0.4,6.55466666666667,37,285855
7,592870,1971,27.9666666666667,22.3333333333333,76,0.4,7.31379310344827,9,127105
8,574785,1971,28.6333333333333,6.33333333333333,75,0.666666666666667,7.4,7,222240
9,761105,1971,31.1666666666667,3,75.3333333333333,0.366666666666667,7.49,4,217995
11,736150,1971,28.4333333333333,60,77.3333333333333,0.4,7.30689655172414,6,281485
12,479555,1971,27.7,5.66666666666667,74,0.766666666666667,7.02643678160919,14,140690
14,928840,1971,29.6333333333333,32.3333333333333,75.3333333333333,0.9,7.30761904761905,20,349600
16,1294500,1971,29.2,17.6666666666667,82.6666666666667,0.666666666666667,7.02666666666667,34,751570
17,1075590,1971,28.7333333333333,31,73,1.06666666666667,8.66666666666667,35,497775
2,619855,1972,30,4,72.6666666666667,0.466666666666667,9.4,20,265960
3,569045,1972,32.3,1.666667,74.33333,1.2,8.766667,6,298870
4,948270,1972,32.2333333333333,3.66666666666667,72.3333333333333,0.333333333333333,7.24141414141414,10,407610
5,737720,1972,31.0666666666667,0,67.6666666666667,0.6,8.7,9,275915
6,741400,1972,30.9,1.33333333333333,74.6666666666667,0.233333333333333,6.55466666666667,37,327010
7,742260,1972,28.8333333333333,0,74.3333333333333,0.6,7.31379310344827,9,198315
8,536915,1972,31.8,0.333333333333333,66,1.06666666666667,8.73333333333333,7,191615
9,837565,1972,28.7333333333333,7.66666666666667,75.3333333333333,0.6,7.49,4,247690
11,711710,1972,32.2666666666667,4.66666666666667,77.6666666666667,0.4,7.30689655172414,6,277315
12,468950,1972,30.7666666666667,8.33333333333333,71.6666666666667,1.3,7.02643678160919,14,143400
14,1114080,1972,32.2666666666667,3.66666666666667,69.6666666666667,0.533333333333333,7.30761904761905,20,405005
16,1298620,1972,32.6,3,88.3333333333333,0.433333333333333,7.02666666666667,34,631115
17,1038635,1972,29.3666666666667,1,73.3333333333333,1,9.53333333333333,35,414990
4,924305,1973,28.7333333333333,53.3333333333333,74.3333333333333,0.533333333333333,7.24141414141414,10,515140
2,575340,1973,28.3333333333333,18,76.6666666666667,0.7,9.33333333333333,20,325880
3,579960,1973,29.2,102,79.33333,1.5,8.233333,6,372250
5,726700,1973,27.8666666666667,50.3333333333333,76.3333333333333,0.666666666666667,8.9,9,304915
6,876485,1973,27.6666666666667,2.66666666666667,74.6666666666667,0.433333333333333,6.55466666666667,37,484850
7,728655,1973,28.1666666666667,35,78.6666666666667,0.7,7.31379310344827,9,236675
8,590930,1973,28.5,47.3333333333333,76,0.933333333333333,7.83333333333333,7,241110
9,913040,1973,28.7666666666667,20,75.3333333333333,0.5,7.49,4,377210
11,745450,1973,28.2,92.6666666666667,82,0.333333333333333,7.30689655172414,6,297315
12,386430,1973,29.0666666666667,28.3333333333333,74.6666666666667,2.13333333333333,7.02643678160919,14,134545
13,588305,1973,28.9,17.3247863247863,79.2393162393163,1.03333333333333,6.84367816091954,3,136430
14,973630,1973,28.7333333333333,8,74.3333333333333,0.633333333333333,7.30761904761905,20,404810
16,1298830,1973,27.3,5.33333333333333,84.6666666666667,0.766666666666667,7.02666666666667,34,775020
17,1117485,1973,28.2333333333333,7,74.6666666666667,0.9,9.06666666666667,35,574055
2,568865,1974,30.8333333333333,2.33333333333333,72,0.766666666666667,9.7,20,330010
3,560550,1974,29.13333,21,75.33333,1.766667,8.033333,6,343390
4,730175,1974,29.1,21.6666666666667,67.3333333333333,1.1,7.24141414141414,10,240635
5,693315,1974,28.5,7.66666666666667,72,0.433333333333333,9.3,9,252415
6,850805,1974,27.6666666666667,2.66666666666667,74.6666666666667,0.433333333333333,6.55466666666667,37,441220
7,667230,1974,28.3666666666667,0,77.6666666666667,0.9,7.31379310344827,9,184465
8,606000,1974,30.1333333333333,5.33333333333333,69.6666666666667,0.9,8.2,7,272120
9,887195,1974,28.8666666666667,1.33333333333333,70,0.7,7.49,4,403025
11,633920,1974,28.4333333333333,23.6666666666667,73.6666666666667,0.566666666666667,7.30689655172414,6,259475
12,446800,1974,29.7333333333333,4,70,1.3,7.02643678160919,14,147320
13,587250,1974,28.8,15.1880341880342,76.7863247863248,0.866666666666667,6.84367816091954,3,232465
14,1074320,1974,29.1666666666667,3,69,0.2,7.30761904761905,20,449695
16,1276235,1974,27.3,3.66666666666667,83.3333333333333,0.6,7.02666666666667,34,692540
17,941960,1974,28.8333333333333,2.66666666666667,75.3333333333333,1.06666666666667,9.36666666666667,35,443240
2,560625,1975,29.1666666666667,0.333333333333333,73,0.666666666666667,9.6,20,292430
3,567500,1975,32.5,48.33333,77,1.166667,8.233333,6,383375
4,876395,1975,29.2333333333333,42.6666666666667,64.3333333333333,0.733333333333334,7.24141414141414,10,481915
5,703365,1975,28.7333333333333,8.33333333333333,71,0.333333333333333,9.16666666666667,9,357875
6,802370,1975,27.6666666666667,2.66666666666667,74.6666666666667,0.433333333333333,6.55466666666667,37,420695
7,716635,1975,28.5333333333333,6,74.3333333333333,1.06666666666667,7.31379310344827,9,244135
8,604170,1975,31.3333333333333,2.33333333333333,71.3333333333333,1.06666666666667,7.66666666666667,7,291460
9,972010,1975,29.7666666666667,6.66666666666667,71.6666666666667,0.733333333333334,7.49,4,481750
11,710485,1975,28.2333333333333,39.6666666666667,75,0.4,7.30689655172414,6,320755
12,533595,1975,29.2,20,70,1.03333333333333,7.02643678160919,14,216385
13,607385,1975,29.4,33.6666666666667,74.6666666666667,0.466666666666667,6.84367816091954,3,299115
14,1069450,1975,28.5333333333333,0.333333333333333,69,0.333333333333333,7.30761904761905,20,454840
16,1317170,1975,27.3,0,91.3333333333333,0.233333333333333,7.02666666666667,34,702755
17,1110660,1975,28.5666666666667,32,73.6666666666667,0.8,9.56666666666666,35,544495
2,580140,1976,32.0666666666667,2,74.3333333333333,0.6,9.3,20,310745
3,561400,1976,30.03333,87.33333,75,1.4,8.233333,6,383330
4,913665,1976,29.8,3.33333333333333,65,1.63333333333333,7.24141414141414,10,437165
5,730900,1976,29.5,2.66666666666667,70.3333333333333,0.333333333333333,8.06666666666667,9,316265
6,808620,1976,27.6666666666667,2.66666666666667,74.6666666666667,0.433333333333333,6.55466666666667,37,433845
7,753500,1976,29.6333333333333,1.33333333333333,75,0.4,7.31379310344827,9,224300
8,621995,1976,31.1666666666667,1.66666666666667,68.6666666666667,0.7,7.56666666666667,7,280945
9,964425,1976,31.2666666666667,5,69,0.633333333333333,7.49,4,471210
11,731215,1976,28.0333333333333,41.3333333333333,77.3333333333333,0.333333333333333,7.30689655172414,6,395385
12,583325,1976,29.9333333333333,1,67.6666666666667,0.6,7.02643678160919,14,226230
13,609500,1976,29.2666666666667,15.3333333333333,77.3333333333333,0.8,6.84367816091954,3,303550
14,1085795,1976,30.5333333333333,1.66666666666667,69.3333333333333,0.266666666666667,7.30761904761905,20,472285
16,1302095,1976,27.3,0.333333333333333,88,0.333333333333333,7.02666666666667,34,683845
17,907990,1976,28.7,20.3333333333333,74.6666666666667,0.7,8.3,35,432305
2,600340,1977,34.2666666666667,24.6666666666667,74.6666666666667,0.633333333333334,8.76666666666667,20,324910
3,572800,1977,31.23333,11.66667,73.33333,1.366667,8.766667,6,400395
4,919125,1977,28.7666666666667,13.6666666666667,77,0.8,7.24141414141414,10,505045
5,711320,1977,31.8333333333333,11.3333333333333,73,0.366666666666667,8.03333333333333,9,344075
6,805740,1977,27.6666666666667,2.66666666666667,74.6666666666667,0.433333333333333,6.55466666666667,37,438385
7,710095,1977,29,4,74.3333333333333,0.3,7.31379310344827,9,242345
8,653325,1977,30.1,24.3333333333333,74.3333333333333,0.766666666666667,8.1,7,307545
9,960385,1977,29.8,13.3333333333333,72.6666666666667,0.433333333333333,7.49,4,485360
11,725785,1977,28.0333333333333,16.3333333333333,77.3333333333333,0.333333333333333,7.30689655172414,6,452260
12,546730,1977,31.5333333333333,22.6666666666667,71,0.633333333333333,7.02643678160919,14,259180
13,607165,1977,30.7,15.6666666666667,75.6666666666667,0.7,6.84367816091954,3,325435
14,1064535,1977,30.1666666666667,14.6666666666667,72,0.633333333333333,7.30761904761905,20,492325
16,1307100,1977,28.4666666666667,5.66666666666667,83.3333333333333,0.433333333333333,7.02666666666667,34,717960
17,905000,1977,28.7333333333333,19.3333333333333,75.6666666666667,1,8.06666666666667,35,478980
2,597820,1978,29.5666666666667,5.66666666666667,74,0.633333333333334,8.46666666666667,20,344630
3,573240,1978,30.9,0.333333,72.33333,1.6,8.8,6,371815
4,898490,1978,29.0333333333333,14,75,0.6,7.24141414141414,10,475120
5,734595,1978,30.3333333333333,1,69.3333333333333,0.466666666666667,8.23333333333333,9,358310
6,807740,1978,27.6666666666667,2.66666666666667,74.6666666666667,0.433333333333333,6.55466666666667,37,427875
7,724100,1978,30.0333333333333,3,73.3333333333333,0.233333333333333,7.31379310344827,9,273335
8,660790,1978,29.3,21.3333333333333,73.6666666666667,0.766666666666667,8.06666666666667,7,303740
9,922595,1978,30.4333333333333,4,69,0.366666666666667,7.49,4,475495
11,774130,1978,29.2333333333333,15.6666666666667,75.3333333333333,0.333333333333333,7.30689655172414,6,435940
12,535450,1978,29.2666666666667,8,69,1,7.02643678160919,14,247910
13,621120,1978,30.5,34.6666666666667,74.6666666666667,0.666666666666667,6.84367816091954,3,311795
14,1061840,1978,28.7,23,72,1.23333333333333,7.44666666666667,20,485010
16,1289800,1978,26.8333333333333,2.66666666666667,71.6666666666667,0.4,7.19904761904762,34,729100
17,947345,1978,29.2,4,73.3333333333333,0.866666666666667,9.1,35,466480
1,962920,1979,30.4,26,78.6666666666667,0.333333333333333,8.7,4,418845
2,632710,1979,30.5333333333333,16.6666666666667,74.6666666666667,0.633333333333334,8.3,20,349095
3,608535,1979,29.43333,29.33333,73.33333,1.633333,8.733333,6,422545
4,914885,1979,29.8,12.6666666666667,77.3333333333333,0.666666666666667,7.24141414141414,10,482810
5,696170,1979,29.3,36.3333333333333,73.6666666666667,0.333333333333333,7.73333333333333,9,332765
6,850635,1979,27.5666666666667,2.66666666666667,74.6666666666667,0.433333333333333,6.55466666666667,37,433165
7,660130,1979,29.3,25.3333333333333,75.6666666666667,0.2,7.31379310344827,9,206400
8,645155,1979,30.1666666666667,20,71,0.966666666666667,7.6,7,307630
9,977685,1979,30.6666666666667,10.3333333333333,74.3333333333333,0.333333333333333,7.49,4,495335
11,776810,1979,30.1666666666667,28.6666666666667,70,0.6,7.30689655172414,6,359670
12,517465,1979,30.7666666666667,18.6666666666667,72.6666666666667,0.566666666666667,7.02643678160919,14,196795
13,659360,1979,29.0333333333333,30.6666666666667,77.3333333333333,0.6,6.84367816091954,3,303785
14,1045610,1979,29.5333333333333,28.3333333333333,75.6666666666667,0.9,7.83333333333333,20,471925
15,69010,1979,29.3,42.3333333333333,78.3333333333333,1.1,7.44814814814815,63,301500
16,1341590,1979,27.4333333333333,15.3333333333333,76.6666666666667,0.366666666666667,7.76666666666667,34,797575
17,1098550,1979,28.7,13,75.3333333333333,1,8.06666666666667,35,492030
1,926545,1980,29.5,8,77.3333333333333,0.433333333333333,8.5,4,455425
2,623220,1980,30,10.6666666666667,74.6666666666667,0.633333333333334,8.6,20,389105
3,554020,1980,29.86667,8.333333,72,1.266667,8.366667,6,439475
4,915980,1980,29.7,6,74,0.6,7.36767676767677,10,505480
5,655420,1980,29.4666666666667,3.33333333333333,69.6666666666667,0.3,7.9,9,337585
6,884660,1980,27.6333333333333,10.3333333333333,74.6666666666667,1.2,6.55466666666667,37,497605
7,686535,1980,29.1333333333333,10.6666666666667,74.3333333333333,0.4,7.31379310344827,9,193680
8,668185,1980,30.6333333333333,2.66666666666667,68.6666666666667,0.933333333333333,7.46666666666667,7,293055
9,989470,1980,29.5666666666667,8,77.3333333333333,0.9,7.49,4,508675
11,747285,1980,31.2,37,71,0.033333333333333,7.30689655172414,6,419850
12,533160,1980,28.5333333333333,10,72.3333333333333,0.7,7.02643678160919,14,197995
13,685735,1980,29.0333333333333,27.3333333333333,75.6666666666667,1.2,6.84367816091954,3,336925
14,1087435,1980,28.6,23.6666666666667,72.3333333333333,0.933333333333333,7.66666666666667,20,515835
15,60425,1980,28.8,0.333333333333333,79.6666666666667,0.6,7.44814814814815,63,54790
16,1395255,1980,28.0333333333333,6.66666666666667,75.3333333333333,0.433333333333333,9.06666666666667,34,851910
17,1142490,1980,29.5,7,72,1,8.8,35,568470
1,922570,1981,30.4333333333333,11,75.3333333333333,0.366666666666667,8.16666666666667,4,405310
2,620545,1981,30.8,27.3333333333333,74,0.633333333333333,8.46666666666667,20,351155
3,551645,1981,29.83333,2,72.33333,1.333333,8.1,6,352320
4,912050,1981,30.5666666666667,9,72.3333333333333,0.433333333333333,8.1,10,441920
5,652610,1981,30.7333333333333,14.6666666666667,68.6666666666667,0.333333333333333,7.76666666666667,9,315175
6,880865,1981,28.7,16.3333333333333,71.6666666666667,0.533333333333333,6.55466666666667,37,442845
7,683590,1981,30.3,30.6666666666667,73,0.3,7.31379310344827,9,210275
8,665235,1981,31.4,49.3333333333333,73.6666666666667,0.833333333333333,7.23333333333333,7,267640
9,985225,1981,30.6333333333333,21.6666666666667,75,0.966666666666667,7.49,4,465370
11,717150,1981,30.5333333333333,8,68,0.1,7.30689655172414,6,306850
12,530875,1981,30.3666666666667,16,70.6666666666667,0.4,7.02643678160919,14,227290
13,682795,1981,30.2666666666667,1,66.3333333333333,1.5,6.84367816091954,3,313075
14,1082770,1981,28.3666666666667,31.3333333333333,72,1.03333333333333,8.33333333333333,20,513660
15,87095,1981,30.1333333333333,8,78.3333333333333,1.5,7.44814814814815,63,50380
16,1389270,1981,28.4333333333333,15.6666666666667,78.3333333333333,0.533333333333333,9.2,34,821520
17,1137590,1981,30.9666666666667,8.66666666666667,70.6666666666667,1,8.26666666666667,35,509035
1,920925,1982,29.7,17.6666666666667,77,0.3,7.93333333333333,4,424030
2,636145,1982,29.0333333333333,6.33333333333333,74.3333333333333,0.633333333333334,7.16666666666667,20,356310
3,549115,1982,29.4,16.33333,73.33333,1,8.733333,6,403695
4,925195,1982,29,15.3333333333333,75.6666666666667,0.4,7.53333333333333,10,494835
5,650250,1982,29.1333333333333,21.6666666666667,73.6666666666667,0.3,7.5,9,315055
6,875150,1982,28,13.3333333333333,72.3333333333333,0.233333333333333,6.55466666666667,37,453675
7,714790,1982,28.6333333333333,40,74,0.2,7.31379310344827,9,227050
8,651930,1982,30.5666666666667,14,71.6666666666667,0.733333333333334,6.7,7,291130
9,989970,1982,29.5,27,76.6666666666667,1,7.49,4,493190
11,698420,1982,29.1,25.6666666666667,68.6666666666667,0.2,7.30689655172414,6,336245
12,520260,1982,31.2666666666667,27.6666666666667,71,0.533333333333333,7.02643678160919,14,228215
13,688520,1982,29.2666666666667,14,67,1.26666666666667,6.84367816091954,3,328275
14,1061115,1982,29.2333333333333,20.6666666666667,74,1.13333333333333,7.13333333333333,20,508275
15,81320,1982,29.2666666666667,2.33333333333333,78,0.6,7.44814814814815,63,54360
16,1381250,1982,27.2666666666667,2.66666666666667,76.3333333333333,0.3,7.06666666666667,34,852665
17,1142050,1982,29.2333333333333,2,73,0.9,7.86666666666667,35,525610
1,933275,1983,29.9333333333333,27.6666666666667,83.3333333333333,0.3,8.13333333333333,4,455880
2,644675,1983,29.2333333333333,14,74.6666666666667,0.7,7.83333333333333,20,389345
3,556480,1983,29.4,36.66667,75.33333,1.166667,8.266667,6,408530
4,926855,1983,29.6666666666667,15,78,1.3,7.43333333333333,10,493810
5,648480,1983,29.6,10.3333333333333,70.3333333333333,0.366666666666667,7.86666666666667,9,312090
6,880805,1983,27.8333333333333,26,70,0.5,6.55466666666667,37,498180
7,683225,1983,28.6,8.33333333333333,75,0.266666666666667,7.31379310344827,9,237730
8,654045,1983,30.5333333333333,21.6666666666667,72.6666666666667,0.933333333333333,7.53333333333333,7,327780
9,1003265,1983,29.3333333333333,14.6666666666667,81.3333333333333,1.46666666666667,7.63666666666667,4,520440
11,701895,1983,30.3333333333333,4,79,0.633333333333333,7.30689655172414,6,367575
12,519180,1983,28.9666666666667,13.3333333333333,72.6666666666667,0.833333333333333,7.02643678160919,14,243100
13,697755,1983,30.2,45.3333333333333,69.3333333333333,1.86666666666667,6.84367816091954,3,365480
14,1066310,1983,28.6,18.3333333333333,76.3333333333333,1.33333333333333,7.96666666666667,20,551660
15,72070,1983,29.1666666666667,64.6666666666667,76,0.633333333333333,7.44814814814815,63,49485
16,1385700,1983,27.5,18.6666666666667,83.3333333333333,0.533333333333333,7.73333333333333,34,871875
17,1157365,1983,29.1,9.33333333333333,72.6666666666667,0.966666666666667,8.3,35,564415
1,921770,1984,30.4,0.666666666666667,83.6666666666667,0.266666666666667,7.96666666666667,4,482515
2,617840,1984,29.6333333333333,0.666666666666667,73,0.6,8.23333333333333,20,425525
3,552520,1984,31.03333,6.333333,73.66667,1.666667,8.633333,6,422680
4,877415,1984,31.2333333333333,1.66666666666667,75.6666666666667,0.866666666666667,7.43333333333333,10,482465
5,634450,1984,30.4,2.66666666666667,70,0.266666666666667,8.53333333333333,9,301180
6,870395,1984,28.4,1.33333333333333,67.6666666666667,0.666666666666667,6.55466666666667,37,529000
7,537420,1984,30.1,12.3333333333333,75.3333333333333,0.5,7.55172413793103,9,185825
8,516120,1984,30.8,15.3333333333333,71.6666666666667,0.6,6.93333333333333,7,322345
9,1011125,1984,30.2666666666667,5,81.3333333333333,1.13333333333333,8.63333333333333,4,622720
11,733905,1984,30.5,0,77,0.366666666666667,7.51724137931035,6,423035
12,414165,1984,29.2666666666667,0.666666666666667,70,0.333333333333333,7.21379310344827,14,157730
13,721875,1984,31.2666666666667,1.66666666666667,80,0.766666666666667,6.82413793103448,3,363885
14,1013430,1984,29.1333333333333,1.33333333333333,74.3333333333333,1.36666666666667,8.4,20,525265
15,15540,1984,31.1666666666667,0.666666666666667,72.6666666666667,0.2,7.44814814814815,63,13305
16,1386395,1984,28.3666666666667,1.66666666666667,81.3333333333333,0.833333333333333,7.7,34,927940
17,992270,1984,30.3,23.6666666666667,73.6666666666667,0.8,8.5,35,505570
1,978000,1985,30.5,4.66666666666667,85,0.266666666666667,7.93333333333333,4,531460
2,657855,1985,29.8333333333333,2.33333333333333,73,0.5,8.26666666666667,20,445610
3,544560,1985,29.93333,67.33333,74.66667,1.3,8.9,6,429280
4,936750,1985,30.8666666666667,1.66666666666667,76.3333333333333,0.433333333333333,7.43333333333333,10,531450
5,621540,1985,31.3,10.6666666666667,71,0.266666666666667,7.9,9,309690
6,869605,1985,28.6,2.33333333333333,69.3333333333333,0.633333333333334,6.55466666666667,37,545785
7,669400,1985,29.6666666666667,1,76.3333333333333,0.566666666666667,7.86666666666667,9,255720
8,678820,1985,30.8,3,73.6666666666667,0.6,6.96666666666667,7,412170
9,1039360,1985,30.4333333333333,6.66666666666667,79,0.666666666666667,8.13333333333333,4,607875
11,781080,1985,30.4333333333333,5.66666666666667,79.6666666666667,0.433333333333333,7.73333333333333,6,418640
12,458100,1985,29.9666666666667,1,71.3333333333333,0.533333333333333,7.96666666666667,14,212475
13,751210,1985,30.3,33.3333333333333,76.3333333333333,0.866666666666667,6.23333333333333,3,396315
14,1035080,1985,29.6,6,76,1.33333333333333,8.13333333333333,20,557255
15,17015,1985,30.1333333333333,33,75,0.3,7.44814814814815,63,14895
16,1408610,1985,27.9666666666667,7,82.3333333333333,0.533333333333333,7.8,34,930040
17,1131000,1985,29.8,8.66666666666667,73.6666666666667,0.8,8.43333333333333,35,582750
1,984260,1986,30.7333333333333,93,86.6666666666667,0.2,8,4,544565
2,632080,1986,30.9333333333333,10.6666666666667,76.3333333333333,0.5,7.86666666666667,20,410070
3,620580,1986,30.83333,41.66667,74,1.666667,6.4,6,509515
4,938715,1986,30.3666666666667,45.6666666666667,78.3333333333333,0.7,7.43333333333333,10,524325
5,695215,1986,30.6333333333333,59.6666666666667,75.3333333333333,0.433333333333333,8.13333333333333,9,335545
6,866875,1986,28.9666666666667,12.6666666666667,70.6666666666667,0.8,6.55466666666667,37,525085
7,688955,1986,29.8333333333333,50.3333333333333,78.3333333333333,0.9,8.03333333333333,9,258750
8,663360,1986,30.0333333333333,55.3333333333333,78,0.833333333333333,6.56666666666667,7,380690
9,1010110,1986,30.5333333333333,51.6666666666667,79.3333333333333,1.1,7.96666666666667,4,497020
11,731965,1986,30.1666666666667,61.6666666666667,80,0.566666666666667,7.7,6,418945
12,470540,1986,29.3666666666667,10.3333333333333,79,0.733333333333334,7.63333333333333,14,203635
13,775400,1986,30.3,19,77.6666666666667,0.833333333333333,6.76666666666667,3,379240
14,991505,1986,29.5,10.3333333333333,78.6666666666667,1.5,7.46666666666667,20,510140
15,16240,1986,30,48.3333333333333,79.3333333333333,0.633333333333333,6.22098765432099,63,15005
16,1391705,1986,28.4666666666667,19.6666666666667,83.6666666666667,0.9,7.7,34,887815
17,1098450,1986,30.3333333333333,36.6666666666667,75,1.13333333333333,8.36666666666667,35,552580
1,978440,1987,29.8333333333333,12.3333333333333,82.6666666666667,0.166666666666667,7.9,4,518635
2,530695,1987,30.3666666666667,7.33333333333333,76,0.566666666666667,7.8,20,351510
3,642560,1987,30.7,22,74.33333,1.1,8.266667,6,514370
4,870745,1987,30.9,23.6666666666667,78.3333333333333,0.433333333333333,8.13333333333333,10,496500
5,573270,1987,30.4666666666667,13.3333333333333,73.3333333333333,0.333333333333333,8.06666666666667,9,258080
6,858205,1987,28.3666666666667,2.66666666666667,71,0.666666666666667,6.55466666666667,37,504820
7,687575,1987,29.5333333333333,12.3333333333333,79.3333333333333,0.966666666666667,8.13333333333333,9,211715
8,651040,1987,30.3,5,76.3333333333333,0.733333333333334,6.2,7,360325
9,905605,1987,30.0333333333333,18.3333333333333,79.3333333333333,0.633333333333333,7.83333333333333,4,524560
11,600730,1987,29.7666666666667,16.3333333333333,80.3333333333333,0.433333333333333,8.26666666666667,6,316665
12,261755,1987,28,3,78,0.933333333333333,7.46666666666667,14,99250
13,776035,1987,29.7666666666667,36.6666666666667,80.3333333333333,1.33333333333333,5.86666666666667,3,411050
14,858180,1987,29.5666666666667,3.33333333333333,77.3333333333333,1.13333333333333,7.7,20,421215
15,15660,1987,29.9,38,78.3333333333333,0.566666666666667,6.83333333333333,63,15675
16,1382000,1987,28.3666666666667,2,85.6666666666667,0.833333333333333,7.76666666666667,34,868350
17,1048405,1987,30.3666666666667,18.3333333333333,74,1.4,7.93333333333333,35,578830
18,386730,1987,29.0666666666667,18.6666666666667,76.6666666666667,1.3,7.6,10,160535
1,944635,1988,29.3333333333333,37.6666666666667,83,0.366666666666667,8,4,453095
2,487065,1988,30.7,31,77.6666666666667,0.766666666666667,8.2,20,325785
3,702605,1988,30.56667,24.33333,73.33333,1.4,8.033333,6,514385
4,712680,1988,29.5333333333333,19.6666666666667,78.6666666666667,0.5,7.9,10,424130
5,367715,1988,30.0666666666667,52,73.3333333333333,0.6,7.83333333333333,9,148600
6,1011355,1988,28.8,11.6666666666667,69.3333333333333,0.933333333333333,6.69733333333333,37,624425
7,669925,1988,28.5,52.6666666666667,79.3333333333333,1.03333333333333,8.4,9,174735
8,568290,1988,29.5,33.3333333333333,76.3333333333333,0.766666666666667,7.56666666666667,7,343025
9,972330,1988,29.5,46.6666666666667,78,0.766666666666667,8.2,4,462000
11,674335,1988,30.8666666666667,18,80,0.4,8.23333333333333,6,372470
12,251465,1988,29,25,76,0.733333333333334,7.93333333333333,14,109185
13,786065,1988,29.8333333333333,24.6666666666667,80,0.9,7.26666666666667,3,311490
14,777010,1988,29.5,4.66666666666667,77,1.23333333333333,8.1,20,450810
15,15655,1988,29.4333333333333,13.3333333333333,77.6666666666667,0.6,6.76666666666667,63,11560
16,1308645,1988,28.2333333333333,14.3333333333333,80.3333333333333,1.13333333333333,7.9,34,844570
17,803170,1988,29.3666666666667,69.3333333333333,76.6666666666667,0.9,7.96666666666667,35,373735
18,88810,1988,28.5333333333333,55.3333333333333,80.6666666666667,0.9,7.83333333333333,10,39530
1,952930,1989,30.1333333333333,0,82.6666666666667,0.233333333333333,7.96666666666667,4,573240
2,581050,1989,31.1666666666667,1.33333333333333,80.3333333333333,0.8,7.16666666666667,20,458680
3,673750,1989,30.06667,4.666667,75,1.066667,8.3,6,526470
4,885545,1989,29.9333333333333,0,79.3333333333333,0.166666666666667,8,10,667890
5,430280,1989,30.5333333333333,4,74.6666666666667,0.333333333333333,7.9,9,241600
6,1082910,1989,29.0333333333333,0.666666666666667,79.6666666666667,0.7,6.83333333333333,37,763120
7,532970,1989,30.0333333333333,3,79,0.933333333333333,8.1,9,195170
8,704570,1989,30.5666666666667,3.33333333333333,77.3333333333333,0.5,7.7,7,538590
9,1072710,1989,30.7,0.333333333333333,78.3333333333333,0.666666666666667,8.16666666666667,4,654590
11,657420,1989,29.8666666666667,0,81.6666666666667,0.133333333333333,8.16666666666667,6,379270
12,297125,1989,30.3333333333333,1,77.3333333333333,0.566666666666667,7.66666666666667,14,173840
13,769080,1989,29.7,0.666666666666667,78,0.6,7.36666666666667,3,394960
14,1008425,1989,30.1333333333333,2.66666666666667,80,1.06666666666667,7.5,20,675610
15,16270,1989,29.1333333333333,13.3333333333333,77.3333333333333,0.4,8.03333333333333,63,13160
16,1458990,1989,28.5,2.33333333333333,83.3333333333333,1.06666666666667,6.96666666666667,34,70760
17,980590,1989,29.0666666666667,12.3333333333333,79.3333333333333,0.9,7.46666666666667,35,575960
18,305710,1989,29.7666666666667,2.33333333333333,82,0.433333333333333,7.53333333333333,10,170370
1,939650,1990,30.2666666666667,36.6666666666667,83,0.2,6.9,4,531860
2,619240,1990,31.0333333333333,2.66666666666667,75.6666666666667,0.633333333333333,7.6,20,486210
3,660810,1990,30.23333,43,77,0.9,6.766667,6,537650
4,888160,1990,30.1,36.3333333333333,81.3333333333333,0.2,7.03333333333333,10,611860
5,479930,1990,29.8,45.3333333333333,71.6666666666667,0.566666666666667,8.03333333333333,9,249020
6,1057600,1990,29.3333333333333,9,77,0.8,7.83333333333333,37,793460
7,498260,1990,29.9,26.3333333333333,77.6666666666667,1,7.26666666666667,9,194890
8,716000,1990,30.9,53.3333333333333,79,0.6,6.63333333333333,7,529220
9,997570,1990,30.3333333333333,30.3333333333333,79.6666666666667,0.6,7.56666666666667,4,627900
11,660150,1990,29.6666666666667,55,80.3333333333333,0.233333333333333,7.06666666666667,6,303790
12,331000,1990,32.3666666666667,12,75.3333333333333,0.533333333333333,7.36666666666667,14,203800
13,768630,1990,29.8333333333333,37.3333333333333,83,0.566666666666667,6,3,332770
14,1011270,1990,30.4,13.6666666666667,77,1.16666666666667,7.5,20,730970
15,17420,1990,29.7,65,81.3333333333333,0.333333333333333,6.7,63,15100
16,1522980,1990,28.8333333333333,12.6666666666667,79.6666666666667,0.866666666666667,7.76666666666667,34,112230
17,1040900,1990,30.1666666666667,17,75.3333333333333,0.966666666666667,7.63333333333333,35,627130
18,339330,1990,29.8666666666667,18,77.6666666666667,0.466666666666667,7.1,10,176940
1,931550,1991,29.3,24.6666666666667,81.6666666666667,0.2,6.86666666666667,4,484260
2,607990,1991,29.8666666666667,37.3333333333333,79.3333333333333,0.533333333333333,6.76666666666667,20,506820
3,658900,1991,29.43333,37.33333,76.66667,0.633333,7.4,6,580430
4,814520,1991,29.2666666666667,54.6666666666667,82.6666666666667,0.4,4.6,10,528270
5,488070,1991,28.9666666666667,40.3333333333333,72,0.533333333333333,8.03333333333333,9,261330
6,1043090,1991,28.6333333333333,16.6666666666667,80.3333333333333,0.733333333333334,6.8,37,713620
7,549470,1991,29.1333333333333,36.3333333333333,80.6666666666667,0.833333333333333,7.13333333333333,9,246230
8,776650,1991,29.5,34.3333333333333,80.3333333333333,0.366666666666667,6.2,7,630830
9,1059780,1991,29.6333333333333,20.3333333333333,80,0.533333333333333,6.83333333333333,4,655250
11,653750,1991,28.7,23.6666666666667,81.6666666666667,0.3,6.93333333333333,6,368800
12,307090,1991,28.8333333333333,26.6666666666667,78.6666666666667,0.3,6.86666666666667,14,194260
13,774550,1991,28.7666666666667,7.33333333333333,79,0.433333333333333,5.83333333333333,3,391020
14,978820,1991,29.5,30.6666666666667,80.6666666666667,1,6.73333333333333,20,710750
15,21600,1991,28.9333333333333,34.3333333333333,80.3333333333333,0.566666666666667,6.56666666666667,63,17970
16,1560020,1991,28.8,23.6666666666667,83.3333333333333,0.9,6.9,34,129180
17,903670,1991,29.2333333333333,27.3333333333333,78,0.966666666666667,7.26666666666667,35,580130
18,257520,1991,28.7333333333333,30.3333333333333,80.3333333333333,0.533333333333333,6.7,10,145180
1,930230,1992,29.6666666666667,3,82.6666666666667,0.2,6.9,4,509500
2,615730,1992,30.1666666666667,22.6666666666667,78,0.9,7.23333333333333,20,537340
3,636490,1992,30.06667,12.66667,77,0.433333,7.4,6,581510
4,866650,1992,30.8333333333333,24.6666666666667,80.3333333333333,0.233333333333333,7.2,10,586350
5,489450,1992,29.9666666666667,2.33333333333333,73.3333333333333,0.5,7,9,266390
6,1028070,1992,28.4333333333333,17.3333333333333,81,0.566666666666667,6.66666666666667,37,735430
7,602080,1992,30,0,77.3333333333333,0.766666666666667,7.23333333333333,9,266490
8,801050,1992,30.6333333333333,1,77.3333333333333,0.333333333333333,6.7,7,591260
9,1011220,1992,30.1333333333333,23.3333333333333,78.6666666666667,0.866666666666667,7.4,4,643210
11,651130,1992,29.6333333333333,3.66666666666667,81.3333333333333,0.2,7.03333333333333,6,381760
12,378380,1992,29.7666666666667,3.33333333333333,77,0.7,7.16666666666667,14,234040
13,762100,1992,29.7333333333333,9.33333333333333,79.6666666666667,0.6,6.23333333333333,3,406720
14,997810,1992,30.7666666666667,1.66666666666667,77.6666666666667,0.933333333333333,7.3,20,766840
15,22300,1992,29.8666666666667,4.66666666666667,76.6666666666667,0.366666666666667,7.9,63,18650
16,1532490,1992,28.6666666666667,18.3333333333333,82.6666666666667,0.9,6.86666666666667,34,131990
17,1028030,1992,29.6,12.6666666666667,76.3333333333333,1.06666666666667,7.2,35,650460
18,335570,1992,29.9,2,80,0.8,7.16666666666667,10,167900
1,949770,1993,30.1,5.33333333333333,79.3333333333333,0.233333333333333,7.73333333333333,4,494550
2,588950,1993,30.7666666666667,3.66666666666667,75,0.6,7.43333333333333,20,508880
3,644450,1993,29.6,7,74.33333,0.833333,8.133333,6,593680
4,937300,1993,29.7333333333333,5,79.6666666666667,0.3,7.66666666666667,10,577940
5,457690,1993,29.6666666666667,10.6666666666667,74.3333333333333,0.4,7.26666666666667,9,242210
6,957730,1993,28.9333333333333,12.6666666666667,78,0.5,6.9,37,684730
7,540080,1993,29.4,3.66666666666667,76.6666666666667,0.466666666666667,7.86666666666667,9,204900
8,777330,1993,30.7,4.66666666666667,77.6666666666667,0.3,7,7,586980
9,974020,1993,30.6666666666667,5,76.3333333333333,1,7.86666666666667,4,648610
11,652340,1993,29.2666666666667,5.33333333333333,76.6666666666667,0.4,7.5,6,391270
12,326110,1993,29.6666666666667,15.3333333333333,74,0.733333333333333,7.6,14,149470
13,770440,1993,29.6666666666667,16,79,0.366666666666667,6.96666666666667,3,430490
14,967010,1993,29.4,7.33333333333333,77,0.833333333333333,7.56666666666667,20,708430
15,19000,1993,30.3333333333333,4.33333333333333,72.3333333333333,0.4,7.4,63,16580
16,1541410,1993,28.7666666666667,14,79.6666666666667,0.6,7.36666666666667,34,159020
17,1016850,1993,29.3,8.33333333333333,73.3333333333333,1.13333333333333,8.16666666666667,35,623970
18,325410,1993,29.6,7.66666666666667,80.6666666666667,0.633333333333334,7.2,10,173870
1,894440,1994,30.5,2.66666666666667,75.6666666666667,0.266666666666667,7.06666666666667,4,379660
2,582220,1994,29.9,7,71.3333333333333,0.633333333333333,7.16666666666667,20,470940
3,625790,1994,30.76667,6.666667,70.33333,0.8,7.4,6,608260
4,953360,1994,30.6333333333333,0.333333333333333,72.3333333333333,0.266666666666667,6.83333333333333,10,584110
5,451350,1994,30.6666666666667,7.33333333333333,66.6666666666667,0.333333333333333,6.86666666666667,9,231800
6,861720,1994,29.0333333333333,1,71.3333333333333,0.566666666666667,7,37,518250
7,599730,1994,30.0666666666667,3,71,0.666666666666667,6.9,9,220370
8,772250,1994,30.2,6.33333333333333,72.3333333333333,0.366666666666667,6.53333333333333,7,525490
9,962060,1994,30.4,4.33333333333333,72.3333333333333,0.7,7.06666666666667,4,547390
11,647260,1994,28.9666666666667,3.33333333333333,72.3333333333333,0.4,7.26666666666667,6,370400
12,348710,1994,29.5,3.33333333333333,68.3333333333333,0.9,7.1,14,172010
13,777220,1994,30.1,9,73,0.6,6.23333333333333,3,348230
14,940960,1994,28.9333333333333,13,69.3333333333333,0.633333333333334,7.2,20,609980
15,21710,1994,29.7333333333333,76.6666666666667,78.3333333333333,0.466666666666667,7.2,63,19770
16,1278560,1994,28.2,1,73,0.833333333333333,6.9,34,953840
17,1076370,1994,29.3777777777778,16.1111111111111,75.8888888888889,1.05555555555556,7.54444444444445,35,644730
18,216780,1994,29.6666666666667,10.6666666666667,79.3333333333333,0.666666666666667,6.9,10,146490
1,897090,1995,30.7,51,77.3333333333333,0.233333333333333,7.3,4,480630
2,558400,1995,29.9333333333333,24.6666666666667,75.3333333333333,0.5,7.03333333333333,20,363210
3,236150,1995,30.83333,107.6667,77,0.966667,7.366667,6,533030
4,956940,1995,30.4333333333333,53,79.6666666666667,0.433333333333333,7.76666666666667,10,609490
5,405740,1995,30.6666666666667,37.6666666666667,72.3333333333333,0.4,7.13333333333333,9,188060
6,990400,1995,28.6,31.6666666666667,77.6666666666667,0.366666666666667,7.1,37,624450
7,558910,1995,29.5,33.6666666666667,75.6666666666667,0.966666666666667,7.6,9,202560
8,1436670,1995,30.5,51.6666666666667,77.6666666666667,0.6,7.16666666666667,7,628160
9,896610,1995,31.3333333333333,54.3333333333333,76.6666666666667,1,7.83333333333333,4,594910
11,679960,1995,30.4666666666667,83,77.3333333333333,0.666666666666667,7.56666666666667,6,398220
12,324570,1995,29.5333333333333,24.3333333333333,74,0.666666666666667,7.66666666666667,14,179180
13,812490,1995,30.6666666666667,55.3333333333333,78.6666666666667,0.733333333333334,7,3,428060
14,924810,1995,29.2666666666667,15,75.3333333333333,0.566666666666667,7.33333333333333,20,576970
15,23470,1995,29.9333333333333,25.6666666666667,80.3333333333333,0.333333333333333,8.13333333333333,63,18970
16,1390210,1995,27.6333333333333,41.6666666666667,80.6666666666667,0.866666666666667,6.8,34,968300
17,1050480,1995,29.4259259259259,12.3703703703704,75.1851851851852,1.08518518518519,7.63703703703704,35,661280
18,281000,1995,29.5333333333333,31,82.3333333333333,0.6,7.2,10,164920
1,884830,1996,30.6666666666667,2,81.3333333333333,0.166666666666667,7.33333333333333,4,477870
2,605280,1996,30.4333333333333,3.33333333333333,76,0.5,7.86666666666667,20,424030
3,615910,1996,30.83333,2.333333,77,0.866667,7.666667,6,553840
4,882090,1996,30.3333333333333,7,79,0.5,7.9,10,579340
5,426630,1996,30.5333333333333,0.666666666666667,72.6666666666667,0.233333333333333,6.76666666666667,9,243080
6,1030900,1996,29,7,81,0.266666666666667,7.66666666666667,37,671870
7,561970,1996,29.9,3.66666666666667,76.3333333333333,0.833333333333333,8.1,9,245790
8,786980,1996,30.1333333333333,4.66666666666667,78.3333333333333,0.266666666666667,7,7,594860
9,937240,1996,30.4666666666667,6,76.3333333333333,0.733333333333334,7.8,4,647200
11,685600,1996,30.4,19.6666666666667,79.3333333333333,0.4,7.93333333333333,6,416310
12,372020,1996,29.4666666666667,1.33333333333333,76.3333333333333,0.633333333333334,8.06666666666667,14,208420
13,815010,1996,30.2666666666667,19.3333333333333,81.3333333333333,0.5,6.23333333333333,3,372190
14,980020,1996,28.8666666666667,2.66666666666667,76.6666666666667,0.733333333333334,8.06666666666667,20,676540
15,23570,1996,30.5333333333333,18.3333333333333,81.6666666666667,0.333333333333333,7.26666666666667,63,20900
16,1469520,1996,28.5,6.33333333333333,80.6666666666667,0.8,8.16666666666667,34,1169040
17,1061700,1996,32.8333333333333,0.333333333333333,80.6666666666667,0.9,2.36666666666667,35,732580
18,309970,1996,29.7,0,80.6666666666667,0.433333333333333,7.9,10,195140
1,871970,1997,30.7333333333333,57,87.3333333333333,0.433333333333333,5.66666666666667,4,346050
2,579610,1997,30.5,13,81.3333333333333,0.633333333333334,5.56666666666667,20,405200
3,448770,1997,31.23333,30,79.33333,0.933333,7.133333,6,406090
4,799370,1997,29.6,19.3333333333333,83,0.633333333333333,6.1,10,462280
5,393290,1997,30,24,77.3333333333333,0.233333333333333,5.26666666666667,9,208110
6,959050,1997,28.6333333333333,12.6666666666667,83.6666666666667,0.4,6.06666666666667,37,600440
7,545440,1997,29.1666666666667,40,82.3333333333333,0.966666666666667,6.2,9,234360
8,789160,1997,30.6666666666667,26,82.3333333333333,0.366666666666667,5.63333333333333,7,571600
9,892160,1997,30.9333333333333,26.6666666666667,79.6666666666667,0.6,6.8,4,488940
11,585410,1997,29.9,12.6666666666667,82.6666666666667,0.6,6.86666666666667,6,313070
12,374870,1997,29.6666666666667,17,80.6666666666667,0.7,6.13333333333333,14,212800
13,809120,1997,30.2333333333333,10,82.3333333333333,0.7,6.03333333333333,3,287450
14,991830,1997,28.5666666666667,27.3333333333333,83.3333333333333,0.533333333333333,6.26666666666667,20,720270
15,20190,1997,30.9,6.33333333333333,81,0.6,8.53333333333333,63,19530
16,1441770,1997,28.2,9.66666666666667,84.6666666666667,0.8,6.16666666666667,34,1139290
17,1051260,1997,30.6666666666667,16,80,1,6.86666666666667,35,690980
18,295970,1997,29.7,15,84,0.633333333333333,5.43333333333333,10,151690
1,820960,1998,31.6666666666667,90,83.3333333333333,0.333333333333333,8.13333333333333,4,342100
2,529900,1998,31.5333333333333,3.33333333333333,77.3333333333333,0.666666666666667,7.96666666666667,20,347760
3,455640,1998,32.03333,31,79.33333,0.833333,8.833333,6,399950
4,567600,1998,30.6666666666667,39.3333333333333,79.6666666666667,0.566666666666667,8.43333333333333,10,336120
5,277420,1998,31.1,27.6666666666667,75.6666666666667,0.266666666666667,7.5,9,112120
6,943070,1998,29.8,0,80.6666666666667,0.533333333333333,7.23333333333333,37,473000
7,390940,1998,30,31.6666666666667,78,0.933333333333333,8.33333333333333,9,136560
8,656380,1998,31.5333333333333,39.3333333333333,80.6666666666667,0.5,7.36666666666667,7,475630
9,886930,1998,31.5333333333333,44,79,0.8,8.3,4,601310
11,514030,1998,30.5333333333333,56.6666666666667,79.3333333333333,0.7,8.76666666666667,6,304930
12,313940,1998,30.0333333333333,14,77.6666666666667,0.866666666666667,8.2,14,165760
13,790300,1998,30.8666666666667,32.3333333333333,81.6666666666667,0.433333333333333,7.06666666666667,3,422600
14,915420,1998,29.8,11,80.3333333333333,0.9,8.2,20,732660
15,21110,1998,30.1666666666667,53,82.3333333333333,0.3,8.7,63,20180
16,1268330,1998,29.5333333333333,0,81,1,8.13333333333333,34,762280
17,1049330,1998,30.7666666666667,14,74.3333333333333,1.13333333333333,9.03333333333333,35,641100
18,162880,1998,30.6333333333333,20.6666666666667,83.3333333333333,0.6,7.86666666666667,10,69010
1,876760,1999,31.1,1,81.6666666666667,0.2,8.23333333333333,4,532156
2,579900,1999,30.3333333333333,11.6666666666667,77.6666666666667,0.5,8.2,20,441180
3,614440,1999,31.43333,46.33333,76.66667,0.566667,8.4,6,570110
4,832240,1999,30.9,29.3333333333333,78.6666666666667,0.5,8.13333333333333,10,538360
5,426970,1999,30.2666666666667,8.66666666666667,73,0.3,7.26666666666667,9,241720
6,1034870,1999,29.1666666666667,1.66666666666667,81.3333333333333,0.366666666666667,6.73333333333333,37,630180
7,534010,1999,29.8,13,78,0.666666666666667,7.93333333333333,9,265530
8,762940,1999,31,0.666666666666667,79.3333333333333,0.633333333333333,6.8,7,691260
9,922940,1999,31.2666666666667,6,78.6666666666667,0.366666666666667,8.8,4,740020
11,658540,1999,30.0666666666667,16,81,0.566666666666667,8.5,6,466820
12,365320,1999,29.9666666666667,3.66666666666667,78.3333333333333,0.566666666666667,7.86666666666667,14,239230
13,822480,1999,30.7666666666667,13,81.3333333333333,0.433333333333333,7.2,3,518740
14,970660,1999,29.9,1.66666666666667,79.3333333333333,0.6,7.63333333333333,20,800330
15,24080,1999,30.1333333333333,15,80,0.333333333333333,8.93333333333333,63,21650
16,1435000,1999,28.9,3,80,1,8.16666666666667,34,1181190
17,1059740,1999,30.4666666666667,16,75.6666666666667,1.26666666666667,8.76666666666667,35,750870
18,313510,1999,29.7,20,81.3333333333333,0.466666666666667,7.93333333333333,10,229520
1,937640,2000,30.4333333333333,3.33333333333333,83.3333333333333,0.1,9,4,608300
2,570890,2000,29.7333333333333,0,75.3333333333333,0.433333333333333,8.16666666666667,20,473100
3,624270,2000,31.33333,5,75.33333,0.433333,9.066667,6,666350
4,794680,2000,30.0333333333333,1,77.6666666666667,0.433333333333333,7.96666666666667,10,645310
5,491320,2000,29.2666666666667,0,68.3333333333333,0.366666666666667,8.06666666666666,9,392150
6,1034270,2000,28.5666666666667,0,79.6666666666667,0.366666666666667,6.66666666666667,37,799250
7,553110,2000,29.8666666666667,0,76,0.566666666666667,8.2,9,331350
8,622400,2000,30.1,0,79,0.333333333333333,7.8,7,517220
9,850850,2000,30.4333333333333,0,77,0.166666666666667,8.56666666666666,4,664430
11,675760,2000,30.5333333333333,14.3333333333333,78.3333333333333,0.533333333333333,9.26666666666667,6,543080
12,416760,2000,29.5333333333333,0,77.3333333333333,0.533333333333333,7.46666666666667,14,321200
13,862300,2000,30.7666666666667,31.6666666666667,80,0.566666666666667,8.03333333333333,3,591110
14,971600,2000,29.1,0,77.6666666666667,0.566666666666667,7.8,20,853070
15,24110,2000,30.6,36.6666666666667,85,0.3,7.33333333333333,63,27370
16,1430750,2000,28.1666666666667,0,80,0.733333333333334,7.06666666666667,34,1221120
17,1007660,2000,29.8666666666667,0,73.6666666666667,1.5,8.26666666666667,35,762830
18,365390,2000,28.8333333333333,1.66666666666667,80.6666666666667,0.466666666666667,7.4,10,277650
1,938790,2001,30.2666666666667,28.6666666666667,86.6666666666667,0.1,7.03333333333333,4,581460
2,565080,2001,29.4333333333333,2.66666666666667,81,0.366666666666667,6.33333333333333,20,460340
3,647120,2001,32,14.66667,73.66667,2,8.233333,6,676750
4,743070,2001,29.7,33.6666666666667,82.3333333333333,0.4,7.5,10,610400
5,502040,2001,29.5333333333333,14,73.6666666666667,0.4,7,9,383320
6,951700,2001,28.2333333333333,38,82.3333333333333,0.4,7,37,669420
7,579080,2001,29.5333333333333,20.6666666666667,81,0.466666666666667,7.33333333333333,9,323150
8,658140,2001,30.8,10.6666666666667,81,0.166666666666667,6,7,616810
9,873040,2001,31.0333333333333,13.6666666666667,81.3333333333333,0.2,7.76666666666667,4,691480
11,686420,2001,30.1333333333333,38,81.6666666666667,0.166666666666667,7.13333333333333,6,513710
12,417320,2001,29.3666666666667,8.33333333333333,80,0.566666666666667,6.8,14,280170
13,809750,2001,30.8,33.6666666666667,83.3333333333333,0.533333333333333,6.46666666666667,3,524420
14,959560,2001,29.5666666666667,3.66666666666667,81.6666666666667,0.766666666666667,7.23333333333333,20,805310
15,25140,2001,30.6666666666667,33.6666666666667,85,0.2,7.33333333333333,63,29170
16,1385080,2001,27.5333333333333,5.66666666666667,81.6666666666667,0.766666666666667,6.53333333333333,34,1077250
17,969430,2001,30.4333333333333,19,80,1.5,7.5,35,745360
18,352170,2001,28.9333333333333,18.3333333333333,82.6666666666667,0.333333333333333,7,10,248640
1,903560,2002,30.5333333333333,30.6666666666667,83,0.166666666666667,7.83333333333333,4,623030
2,573460,2002,30.3333333333333,8,81.6666666666667,0.4,5.96666666666667,20,478730
3,657900,2002,31.8,14.66667,73.33333,1.366667,8.233333,6,681580
4,766880,2002,30.6666666666667,28.3333333333333,81.3333333333333,0.766666666666667,7.13333333333333,10,642850
5,473940,2002,29.6666666666667,13.3333333333333,74.3333333333333,0.7,6.03333333333333,9,371430
6,964890,2002,29.9333333333333,5.66666666666667,83.6666666666667,0.5,6.56666666666667,37,666910
7,539340,2002,29.7333333333333,43.3333333333333,81.3333333333333,0.633333333333334,7.56666666666667,9,284220
8,660070,2002,30.5333333333333,37.3333333333333,82.6666666666667,0.4,6.53333333333333,7,649750
9,930330,2002,30.3333333333333,56.3333333333333,82.3333333333333,0.3,7.8,4,775420
11,697270,2002,30.7666666666667,36,80,0.4,7.1,6,552520
12,425880,2002,29.1,15.6666666666667,80.6666666666667,0.7,7,14,302180
13,790100,2002,30.5,4.66666666666667,85.3333333333333,0.566666666666667,6.96666666666667,3,476420
14,939810,2002,29,6.66666666666667,81.3333333333333,0.933333333333333,7.46666666666667,20,818810
15,25570,2002,30.9666666666667,19.6666666666667,83,0.333333333333333,7.7,63,29960
16,1442120,2002,29.1,5,83.3333333333333,0.866666666666667,6.8,34,1171790
17,1006000,2002,30.2666666666667,0,80,1.23333333333333,7.43333333333333,35,800970
18,371780,2002,29.7,29.6666666666667,83.6666666666667,0.366666666666667,6.53333333333333,10,273880
1,889450,2003,30.3333333333333,9.33333333333333,83,0.066666666666667,6.96666666666667,4,596650
2,577410,2003,29.2666666666667,4.33333333333333,79.6666666666667,0.466666666666667,7.13333333333333,20,508170
3,656800,2003,31.83333,22,77.33333,0.166667,8.233333,6,697760
4,657020,2003,29.9666666666667,17.3333333333333,81.3333333333333,0.6,6.76666666666667,10,544970
5,464760,2003,29.6,15,71.3333333333333,0.533333333333333,6.5,9,401450
6,964550,2003,28.0666666666667,12.6666666666667,83.3333333333333,0.366666666666667,6.26666666666667,37,725330
7,588460,2003,28.9,9.66666666666667,79,0.333333333333333,7.2,9,343150
8,705500,2003,30.2333333333333,9.33333333333333,82.3333333333333,0.333333333333333,6.63333333333333,7,787060
9,871660,2003,30.1666666666667,7.33333333333333,81.6666666666667,0.333333333333333,7.13333333333333,4,720670
11,706710,2003,30.1666666666667,10.6666666666667,80.6666666666667,0.433333333333333,7.4,6,551230
12,434580,2003,29.2,1.66666666666667,80.3333333333333,0.666666666666667,6.7,14,321630
13,877580,2003,30.9333333333333,0.333333333333333,86,0.4,7.83333333333333,3,536560
14,929050,2003,28.8666666666667,5.33333333333333,80.6666666666667,0.733333333333334,7.5,20,791080
15,25680,2003,31.6333333333333,0.666666666666667,79.6666666666667,0.366666666666667,8.7,63,30400
16,1397180,2003,28.0333333333333,11,82,0.8,7,34,1209740
17,1006540,2003,29.6666666666667,2.66666666666667,75.3333333333333,1.26666666666667,7.33333333333333,35,848410
18,371510,2003,29.3666666666667,10.6666666666667,82,0.333333333333333,6.73333333333333,10,265800
1,825445,2004,29.9333333333333,3.66666666666667,87.6666666666667,0.166666666666667,7.26666666666667,4,440382
2,555775,2004,29.4,1.66666666666667,78,0.466666666666667,6.96666666666667,20,464718
3,644083,2004,32.2,1.666667,74,0.3,8,6,665129
4,463834,2004,30.1333333333333,2.33333333333333,78,0.666666666666667,7.7,10,330405
5,444055,2004,29.6666666666667,0.333333333333333,70,0.5,6.93333333333333,9,290585
6,987329,2004,28.7,4,79.6666666666667,0.3,7.06666666666667,37,718648
7,496334,2004,29.2666666666667,3.33333333333333,78,0.4,7.66666666666667,9,221808
8,649053,2004,30.8333333333333,11,81.6666666666667,0.266666666666667,6.63333333333333,7,618543
9,796220,2004,29.7666666666667,5,79.6666666666667,0.5,7.56666666666667,4,651199
11,629025,2004,29.0333333333333,8.33333333333333,78.3333333333333,0.466666666666667,7.83333333333333,6,359728
12,408199,2004,28.7666666666667,4.66666666666667,79.6666666666667,0.766666666666667,7.1,14,281777
13,854942,2004,29.9,7.33333333333333,81.3333333333333,0.2,7.6,3,539576
14,919506,2004,28.6333333333333,4.66666666666667,78.6666666666667,0.6,7.36666666666667,20,803978
15,25665,2004,30.1,20,82,0.433333333333333,7.96666666666667,63,29862
16,1369640,2004,28.3333333333333,4.66666666666667,79.3333333333333,0.766666666666667,7.5,34,1060920
17,862036,2004,30.6666666666667,5.66666666666667,73.3333333333333,1.33333333333333,7.5,35,675563
18,318251,2004,29.0333333333333,1.33333333333333,80.6666666666667,0.266666666666667,6.93333333333333,10,217327
1,874905,2005,30.5333333333333,1,83.3333333333333,0.4,7.8,4,563456
2,540972,2005,30.1333333333333,0.333333333333333,78.3333333333333,0.466666666666667,7.33333333333333,20,458407
3,632647,2005,31.86667,10.33333,80,0.333333,6.766667,6,643804
4,548692,2005,30.6,0.333333333333333,78.6666666666667,0.8,7.66666666666667,10,410652
5,430452,2005,29.5333333333333,1,69.6666666666667,0.566666666666667,6.3,9,310173
6,1008173,2005,28.9333333333333,0,81,0.333333333333333,8.1,37,823558
7,467313,2005,29.6,0.333333333333333,78,0.766666666666667,7.93333333333333,9,267363
8,762871,2005,31.1,0.666666666666667,79.3333333333333,0.233333333333333,7.23333333333333,7,757824
9,800537,2005,30,0,78.6666666666667,0.266666666666667,7.83333333333333,4,666957
11,650719,2005,30.2333333333333,1,79.3333333333333,0.666666666666667,7.7,6,493400
12,406159,2005,29.5333333333333,0.333333333333333,78.3333333333333,0.766666666666667,7.63333333333333,14,294852
13,781416,2005,31.4333333333333,2.33333333333333,82.3333333333333,0.333333333333333,8.13333333333333,3,503749
14,959866,2005,28.8,0,77.3333333333333,0.6,7.43333333333333,20,892830
15,25377,2005,30.5666666666667,6.33333333333333,82.3333333333333,0.2,6.53333333333333,63,24791
16,1344335,2005,28.8333333333333,0,81.3333333333333,0.7,7.56666666666667,34,1115308
17,951905,2005,31.4666666666667,0,73.3333333333333,1.1,8.06666666666667,35,785891
18,340212,2005,30,1.33333333333333,81.3333333333333,0.266666666666667,7.4,10,234815
1,274950,2006,30.7,0.666666666666667,82.6666666666667,0.133333333333333,7.33333333333333,4,191474
2,421930,2006,30.2,0.333333333333333,76.6666666666667,0.266666666666667,4.73333333333333,20,410552
3,459145,2006,32,5.333333,76,0.366667,5.966667,6,503205
4,361495,2006,29.9666666666667,0.333333333333333,79.3333333333333,0.533333333333333,5.73333333333333,10,304949
5,44170,2006,30.5,1.66666666666667,69,0.433333333333333,5.73333333333333,9,27604
6,568075,2006,29.1666666666667,10.3333333333333,78.6666666666667,0.433333333333333,6.13333333333333,37,517419
7,125510,2006,30.2333333333333,0.333333333333333,77.6666666666667,0.466666666666667,5.73333333333333,9,87847
8,330570,2006,31.2666666666667,4.33333333333333,79.6666666666667,0.166666666666667,5.26666666666667,7,366809
9,274505,2006,30.4666666666667,0.333333333333333,79.3333333333333,0.333333333333333,6.13333333333333,4,242518
11,278360,2006,29.9333333333333,6.66666666666667,82.6666666666667,0.566666666666667,5.73333333333333,6,207271
12,254545,2006,30.5333333333333,13.3333333333333,77,0.633333333333333,7.43333333333333,14,192623
13,459925,2006,31,1.33333333333333,82.3333333333333,0.366666666666667,6.43333333333333,3,312350
14,169020,2006,29.3333333333333,3.33333333333333,78.3333333333333,0.366666666666667,7.3,20,162762
15,22705,2006,30.0666666666667,42.6666666666667,83.6666666666667,0.5,6.8,63,25119
16,349160,2006,28.3666666666667,11,81,0.566666666666667,4.63333333333333,34,363853
17,314240,2006,31.2,5,74.3333333333333,1.1,6.2,35,285808
18,329200,2006,29.9,0,80.6666666666667,0.233333333333333,6.56666666666667,10,284797
1,285105,2007,30.1333333333333,45.3333333333333,82.3333333333333,0.433333333333333,6.16666666666667,4,139875
2,411435,2007,29.8333333333333,14,78,0.366666666666667,5.2,20,403384
3,450770,2007,31.13333,82,79.33333,0.9,7.233333,6,485364
4,366095,2007,29.2333333333333,37.3333333333333,80.6666666666667,0.5,5.7,10,308424
5,18330,2007,29.6666666666667,44.6666666666667,72.6666666666667,0.733333333333333,5.3,9,10682
6,579720,2007,28.7666666666667,11,78,0.5,6.4,37,610577
7,71050,2007,29.8666666666667,45.3333333333333,78.3333333333333,0.4,6.23333333333333,9,42606
8,339730,2007,30.5333333333333,61,81,0.233333333333333,5.8,7,390829
9,267735,2007,29.7666666666667,59.6666666666667,82.3333333333333,0.333333333333333,5.96666666666667,4,212601
11,248240,2007,30.3333333333333,44,82,0.433333333333333,6.1,6,138170
12,249660,2007,29.8333333333333,17.3333333333333,79.6666666666667,0.6,6.43333333333333,14,211300
13,475465,2007,30.8,11.3333333333333,80.3333333333333,0.533333333333333,7,3,215302
14,170430,2007,29.6,9,78.6666666666667,0.566666666666667,7.3,20,195268
15,18030,2007,30.7666666666667,8.33333333333333,81,0.566666666666667,7.23333333333333,63,18719
16,333875,2007,28.9333333333333,16,80.3333333333333,0.566666666666667,6.3,34,292930
17,239100,2007,30,54.3333333333333,78.3333333333333,1.03333333333333,6.53333333333333,35,202941
18,245975,2007,29.4666666666667,39,81.3333333333333,0.233333333333333,6.46666666666667,10,188404
1,312325,2008,30.3666666666667,0,84,0.633333333333333,7.2,4,258953
2,443735,2008,30.0666666666667,0,80,0.833333333333333,5.66666666666667,20,425803
3,474045,2008,30.56667,10.33333,79.33333,1.9,7.3,6,517106
4,382070,2008,30.3333333333333,0,80,0.966666666666667,7.9,10,360915
5,39990,2008,29.8,0.333333333333333,74,0.866666666666667,5.86666666666667,9,31825
6,604585,2008,29.2,0,83,0.666666666666667,5.73333333333333,37,663598
7,127510,2008,30.1,0,80,0.433333333333333,6.93333333333333,9,106581
8,349635,2008,31.1666666666667,0,82,0.5,6.16666666666667,7,382209
9,264390,2008,30.5333333333333,0.333333333333333,82,0.366666666666667,6.73333333333333,4,233913
11,279060,2008,30.6666666666667,0.333333333333333,83,0.3,6.5,6,212937
12,213795,2008,29.8,0,82,0.933333333333333,5.83333333333333,14,183516
13,490345,2008,30.4333333333333,0,84.6666666666667,0.733333333333334,6.4,3,295416
14,171015,2008,29.2666666666667,0.333333333333333,82.6666666666667,0.933333333333333,6.36666666666667,20,197331
15,24075,2008,31.1,16.3333333333333,81.3333333333333,1.36666666666667,7.4,63,24617
16,348050,2008,29,0,83.6666666666667,1,5.7,34,353714
17,329120,2008,30.3,0,75.3333333333333,1.46666666666667,7.53333333333333,35,323703
18,317530,2008,29.4,0,82.6666666666667,0.7,5,10,256541
1,311427,2009,30.8,4.33333333333333,82,0.966666666666667,7.26666666666667,4,255959
2,441965,2009,30.8,0,78,2.06666666666667,5.7,20,403935
3,469442,2009,30.43333,5.666667,80.33333,3.4,6.166667,6,540055
4,368455,2009,31.2333333333333,0,78.3333333333333,1.73333333333333,7.03333333333333,10,376578
5,50121,2009,30.6333333333333,1.33333333333333,69.6666666666667,1.5,5.73333333333333,9,31715
6,607395,2009,29.3333333333333,0.333333333333333,82,1.56666666666667,5.4,37,640524
7,144020,2009,30.3333333333333,0,78,1.53333333333333,6.23333333333333,9,125236
8,341226,2009,31.0666666666667,1,78.3333333333333,2.96666666666667,4.83333333333333,7,345634
9,217912,2009,30.4,6.66666666666667,79,0.966666666666667,7.23333333333333,4,237931
11,288961,2009,30.4666666666667,18,80,0.233333333333333,6.63333333333333,6,238429
12,238411,2009,29.7333333333333,0,78.6666666666667,2.26666666666667,5.53333333333333,14,198966
13,517580,2009,30.9,3.66666666666667,84,1.66666666666667,7.36666666666667,3,384146
14,187090,2009,30.1333333333333,0,79.3333333333333,1.86666666666667,5.96666666666667,20,213386
15,23922,2009,30.9666666666667,21,80.6666666666667,1.2,7.5,63,28149
16,357770,2009,29.1,0,83,1.7,4.73333333333333,34,381459
17,356366,2009,31.4333333333333,0,75.6666666666667,3,6.96666666666667,35,388299
18,336033,2009,30.7,0,81,1.9,5.3,10,276413
1,320580,2010,30.7666666666667,30.3333333333333,82,0.466666666666667,6.6,4,290072
2,453517,2010,30.5333333333333,8,76.6666666666667,1.93333333333333,5.6,20,437383
3,458472,2010,30.86667,19,76.33333,3.466667,7.766667,6,527627
4,361548,2010,30.5,5,77.3333333333333,1.56666666666667,6.4,10,385243
5,44927,2010,30.2333333333333,27,68,2.16666666666667,5.76666666666667,9,28826
6,604853,2010,28.7666666666667,0.333333333333333,78,1.43333333333333,5.33333333333333,37,703235
7,145794,2010,30.0666666666667,1,78,1.76666666666667,6.76666666666667,9,126675
8,345560,2010,30.8,24.6666666666667,78.6666666666667,3.8,5.23333333333333,7,366410
9,200321,2010,29.7666666666667,4.33333333333333,78.3333333333333,0.466666666666667,6.53333333333333,4,194025
11,291268,2010,29.9,9.66666666666667,79.3333333333333,3,6.53333333333333,6,233188
12,237280,2010,29.6,23.3333333333333,79,2.06666666666667,5.86666666666667,14,174857
13,504165,2010,31.1666666666667,8.33333333333333,88.6666666666667,1.86666666666667,7.1,3,383306
14,181820,2010,29.1333333333333,16,80.3333333333333,1.86666666666667,6.46666666666667,20,221972
15,23578,2010,30.9666666666667,21,80.6666666666667,1.2,7.5,63,26843
16,343825,2010,28,2,81,1.86666666666667,5.56666666666667,34,405776
17,357078,2010,30.7,18.3333333333333,75.3333333333333,3,6.83333333333333,35,388605
18,352298,2010,30,22.6666666666667,80.6666666666667,1.83333333333333,6.13333333333333,10,315173
1,309110,2011,30.6333333333333,10.6666666666667,83,1.1,6.23333333333333,4,285336
2,453143,2011,30.6333333333333,10,77.3333333333333,2.06666666666667,4.56666666666667,20,472096
3,455458,2011,29.73333,0,73.33333,5.866667,7.870667,6,515605
4,352781,2011,30.4333333333333,5.33333333333333,78.6666666666667,1.66666666666667,6.63333333333333,10,377998
5,39280,2011,30.3,3.33333333333333,69,1.8,5.03333333333333,9,26246
6,610853,2011,29,2.66666666666667,79.3333333333333,1.53333333333333,5.83333333333333,37,668448
7,135648,2011,30.2666666666667,10,78.6666666666667,1.86666666666667,5.86666666666667,9,119151
8,336037,2011,31.0666666666667,10.6666666666667,80.3333333333333,3.03333333333333,3.93333333333333,7,389409
9,206177,2011,30.7,24,81.6666666666667,1.1,6.23333333333333,4,199723
11,293415,2011,29.7666666666667,2,79.3333333333333,2.8,5.16666666666667,6,242989
12,212419,2011,29.5666666666667,4,81,2.03333333333333,5,14,200738
13,508494,2011,31.1333333333333,4.33333333333333,83,1.63333333333333,6.5,3,374660
14,180053,2011,28.9,2.33333333333333,81,1.73333333333333,5.5,20,204313
15,24155,2011,30.5666666666667,0,80.3333333333333,1.3,7.1,63,28380
16,358971,2011,28.6,2.66666666666667,80.3333333333333,2.4,5.83333333333333,34,428045
17,366288,2011,30.9333333333333,3.33333333333333,74.6666666666667,2.83333333333333,6.76666666666667,35,389577
18,344271,2011,30.2333333333333,3.33333333333333,81.3333333333333,1.83333333333333,5.63333333333333,10,294307
1,305291,2012,30.0666666666667,14.6666666666667,82.6666666666667,1.33333333333333,6.36666666666667,4,246770
2,449903,2012,29.6333333333333,12.3333333333333,78.6666666666667,2.2,4.53333333333333,20,494042
3,444559,2012,30.06667,1,77.33333,6,7.870667,6,522945
4,355550,2012,29.5333333333333,35,78.3333333333333,1.56666666666667,6.53333333333333,10,373202
5,47145,2012,29.6666666666667,24.3333333333333,70,1.66666666666667,4.36666666666667,9,30640
6,607702,2012,28.4333333333333,0.333333333333333,79.3333333333333,1.23333333333333,4.76666666666667,37,696529
7,144018,2012,29.6666666666667,39.3333333333333,79.3333333333333,1.8,6.03333333333333,9,128224
8,327742,2012,30.4333333333333,23,79,3.03333333333333,5,7,349950
9,228120,2012,30.2333333333333,27.6666666666667,84.3333333333333,1,6.6,4,229875
11,307792,2012,29.3666666666667,9.66666666666667,78.6666666666667,2.06666666666667,6.23333333333333,6,258147
12,214421,2012,28.4666666666667,34,83,1.66666666666667,5.33333333333333,14,203965
13,507816,2012,30.6,24,82.3333333333333,2.2,7.03333333333333,3,398121
14,171087,2012,28.7,34,80.6666666666667,1.73333333333333,5.4,20,217042
15,24009,2012,30.6666666666667,7.66666666666667,80.6666666666667,1.2,7.2,63,27079
16,385735,2012,28.3,0,81,1.7,4.76666666666667,34,450691
17,384516,2012,30.5,16,78.3333333333333,2.83333333333333,6.53333333333333,35,370015
18,321556,2012,29.0666666666667,31.6666666666667,81.6666666666667,1.9,5.2,10,266091
1,301184,2013,30.85,0,81.5,1,7.6,4,270852
2,455471,2013,31.4,0,76.5,1.65,6.05,20,516912
3,440237,2013,29.2,0,78,5.3,8.006,6,525945
4,347072,2013,32,1.5,79.5,1.75,7.2,10,360406
5,39810,2013,31.3,2,70,1.65,5.55,9,28302
6,195229,2013,29.8,0,79.5,1.8,5.65,37,183867
7,159560,2013,30.8,0,78,1.65,7.1,9,144898
8,500714,2013,31.3,0,77,3.25,5.75,7,386000
9,134596,2013,31.05,0,77,1.2,7.2,4,138719
11,306912,2013,30.6,0,79,2.9,6.7,6,260053
12,504481,2013,30.7,0,79.5,2.2,6.8,14,638585
13,96849,2013,31.1,0,81,1.75,7.55,3,120122
14,117370,2013,30.65,0,79,2.05,6.35,20,130571
15,24542,2013,31.2,0,82,1.1,7.7,63,29846
16,384166,2013,29.55,0,79,1.9,5.65,34,470034
17,351171,2013,31.6,0,75,2.3,7.45,35,393509
18,318362,2013,31.65,1,79.5,1.5,6.55,10,285629
