Districts_N,Area,Category_N,Crop_N,Year,Max_Temp,Min_Temp,Rainfall, Humidity,Wind_Speed,Cloud_Coverage,Bright_Sunshine,Station_Number,X_COR,Y_COR,LATITUDE,LONGITUDE,ALT,Productions
2,9130,3,4,1981,34.1,23.025,310,82.5,1.125,4.7,6.225,41950,536809.8,510151.9,22.7,90.36,4,16045
2,7185,3,4,1982,36.1,23.35,181.25,78.25,1.1,3.825,8.025,41950,536809.8,510151.9,22.7,90.36,4,12405
2,6970,3,4,1983,35.675,23.55,180,79.75,1.55,3.9,7.75,41950,536809.8,510151.9,22.7,90.36,4,13380
2,6690,3,4,1984,35.825,23.5,352.75,82.75,1.55,4.675,6.675,41950,536809.8,510151.9,22.7,90.36,4,11715
2,3663,3,4,1985,36.125,24.25,164.25,85.25,1.725,4.925,6.925,41950,536809.8,510151.9,22.7,90.36,4,6616
2,6229,3,4,1986,36.65,23.3,136,81.25,1.125,3.775,7.4,41950,536809.8,510151.9,22.7,90.36,4,11989
2,8870,3,4,1987,37.725,23.7,132.25,81.5,1.2,4.125,7.3,41950,536809.8,510151.9,22.7,90.36,4,15630
2,7960,3,4,1988,35.325,24.075,279.75,82,1.1,4.65,6.55,41950,536809.8,510151.9,22.7,90.36,4,238250
2,4580,3,4,1989,35.425,24.075,115,80.25,1.475,4.075,7.775,41950,536809.8,510151.9,22.7,90.36,4,13510
2,4280,3,4,1990,35.65,22.9,264.75,84.5,1.175,5.125,6.625,41950,536809.8,510151.9,22.7,90.36,4,13610
2,3880,3,4,1991,35.025,23.925,211,83.25,1.475,4.7,6.4,41950,536809.8,510151.9,22.7,90.36,4,12140
2,4850,3,4,1992,36.075,24.325,99,81.75,1.425,3.675,7.125,41950,536809.8,510151.9,22.7,90.36,4,9890
2,4110,3,4,1993,35.1,22.575,281.25,84,1.425,4.3,7.125,41950,536809.8,510151.9,22.7,90.36,4,11590
2,4000,3,4,1994,35.75,23.75,235.5,80.5,1.075,4.15,6.725,41950,536809.8,510151.9,22.7,90.36,4,13000
2,3780,3,4,1995,36.55,23.975,204.75,78.75,1.1,3.8,6.75,41950,536809.8,510151.9,22.7,90.36,4,11640
2,4500,3,4,1996,35.975,24.075,171.5,82.5,1.625,4.075,6.95,41950,536809.8,510151.9,22.7,90.36,4,13320
2,5130,3,4,1997,35.3,22.825,180.5,83.75,1.425,4.85,6.675,41950,536809.8,510151.9,22.7,90.36,4,14840
2,3210,3,4,1998,35.525,22.675,227.75,81.5,1.5,4.325,6,41950,536809.8,510151.9,22.7,90.36,4,8860
2,3500,3,4,1999,36.75,23.95,123,81.75,1.775,4.375,5.1,41950,536809.8,510151.9,22.7,90.36,4,6130
2,3730,3,4,2000,35.25,23.075,178.25,82.5,1.6,5.025,4.725,41950,536809.8,510151.9,22.7,90.36,4,6190
2,3740,3,4,2001,35.825,22.825,235.75,83.25,1.225,4.6,5.425,41950,536809.8,510151.9,22.7,90.36,4,19180
2,5480,3,4,2002,35.3,23.075,250.5,81,1.4,4.925,6.825,41950,536809.8,510151.9,22.7,90.36,4,19180
2,5670,3,4,2003,35.575,24,206.75,85,1.5,4.85,6.5,41950,536809.8,510151.9,22.7,90.36,4,19330
2,3890,3,4,2004,35.85,24.375,135,80.25,1.525,4.575,6.05,41950,536809.8,510151.9,22.7,90.36,4,10114
2,4260,3,4,2005,36.25,24.8,143.75,83.5,0.975,4.525,7.25,41950,536809.8,510151.9,22.7,90.36,4,13078
2,3900,3,4,2006,36.7,24.275,167.75,82.5,1.175,4.3,6.225,41950,536809.8,510151.9,22.7,90.36,4,12051
2,5785,3,4,2007,35.675,23.55,175,80,1.1,3.75,6.725,41950,536809.8,510151.9,22.7,90.36,4,21694
2,5425,3,4,2008,36.125,24.325,85.25,82,1.2,4.375,6.525,41950,536809.8,510151.9,22.7,90.36,4,18879
2,4926,3,4,2009,36.25,24.7,99.25,79,3.425,3.9,7.4,41950,536809.8,510151.9,22.7,90.36,4,20985
2,9353,3,4,2010,36.375,25.4,176,79.75,3.675,4.875,6.7,41950,536809.8,510151.9,22.7,90.36,4,31520
2,9648,3,4,2011,35.75,23.65,193.25,80.25,2.775,4.275,6.6,41950,536809.8,510151.9,22.7,90.36,4,39846
2,12986,3,4,2012,36.6,24.65,136,80,2.3,4.2,6.375,41950,536809.8,510151.9,22.7,90.36,4,57528
2,13060,3,4,2013,36.475,24.15,261.75,81,2.725,4.475,6.575,41950,536809.8,510151.9,22.7,90.36,4,45579
3,67720,3,4,1969,38.625,22.9,115.75,70.5,1.425,3.6,7.85,41883,435303.7,751187.5,24.88,89.36,20,187375
3,59005,3,4,1970,42.125,23.35,154.75,68.5,1.425,3.55,7.625,41883,435303.7,751187.5,24.88,89.36,20,171955
3,48380,3,4,1971,35.175,22.45,134,71.5,1.45,3.5,7.7,41883,435303.7,751187.5,24.88,89.36,20,111010
3,46925,3,4,1972,39.25,23.15,105.5,65.25,1.425,2.65,8.4,41883,435303.7,751187.5,24.88,89.36,20,119825
3,62110,3,4,1973,37.45,22.7,299.75,73.25,1.05,3.225,7.525,41883,435303.7,751187.5,24.88,89.36,20,166375
3,16675,3,4,1974,36.275,22.275,165.75,77.25,1.225,3.4,8.05,41883,435303.7,751187.5,24.88,89.36,20,35560
3,33490,3,4,1975,38.075,22.85,102.75,66.5,1.525,2.7,8.75,41883,435303.7,751187.5,24.88,89.36,20,91375
3,45690,3,4,1976,38.575,22.4,155,66.75,1.475,3.075,8.65,41883,435303.7,751187.5,24.88,89.36,20,115265
3,48780,3,4,1977,34.425,22.65,135,71.5,1.55,3.575,7.175,41883,435303.7,751187.5,24.88,89.36,20,130433
3,60575,3,4,1978,37.675,21.675,302,71.5,1.6,3.775,7.7,41883,435303.7,751187.5,24.88,89.36,20,181555
3,52770,3,4,1981,35.975,22.425,161.75,75,1.325,3.7,7.825,41883,435303.7,751187.5,24.88,89.36,20,177300
3,48425,3,4,1982,36.95,22.425,108.75,71,1.5,3.3,7.45,41883,435303.7,751187.5,24.88,89.36,20,167045
3,36405,3,4,1983,36.975,22.2,129.75,69,1.425,2.825,7.425,41883,435303.7,751187.5,24.88,89.36,20,121210
3,41250,3,4,1984,37.575,22.675,245.25,74,1.525,3.175,6.575,41883,435303.7,751187.5,24.88,89.36,20,119715
3,71244,3,4,1985,37.05,23.175,196.5,72.25,1.725,3.2,7.425,41883,435303.7,751187.5,24.88,89.36,20,221192
3,40771,3,4,1986,38.125,22.475,125.25,72.75,1.375,3.1,7.85,41883,435303.7,751187.5,24.88,89.36,20,130106
3,24840,3,4,1987,38.075,23.15,166.25,73.75,1.4,3.575,7.375,41883,435303.7,751187.5,24.88,89.36,20,96355
3,43950,3,4,1988,37.15,22.475,281.75,78.25,1.775,3.875,6.4,41883,435303.7,751187.5,24.88,89.36,20,1755
3,40730,3,4,1989,38.6,22.4,96.25,72.25,2,2.95,7.225,41883,435303.7,751187.5,24.88,89.36,20,171880
3,36610,3,4,1990,35.575,22.225,183.75,82.25,1.975,4.05,6.6,41883,435303.7,751187.5,24.88,89.36,20,142410
3,32810,3,4,1991,36.725,22.45,178,79.5,1.675,4.2,6.05,41883,435303.7,751187.5,24.88,89.36,20,131240
3,29210,3,4,1992,37.375,22.425,93,72.25,2.125,2.675,7.625,41883,435303.7,751187.5,24.88,89.36,20,117130
3,21770,3,4,1993,35.425,21.7,201.5,76.25,2,3.8,6.675,41883,435303.7,751187.5,24.88,89.36,20,93180
3,29000,3,4,1994,37.9,22.95,125.25,75,1.7,3.75,6.975,41883,435303.7,751187.5,24.88,89.36,20,127000
3,12750,3,4,1995,38.5,23.525,150,73.5,1.675,3.725,6.875,41883,435303.7,751187.5,24.88,89.36,20,54950
3,13960,3,4,1996,37.2,23.35,218.75,75,1.325,3.6,7.45,41883,435303.7,751187.5,24.88,89.36,20,62680
3,14060,3,4,1997,36.55,22.425,114.75,77.25,1.275,3.875,7.825,41883,435303.7,751187.5,24.88,89.36,20,62760
3,14030,3,4,1998,37.275,22.9,155,78.25,1.4,4.125,7.15,41883,435303.7,751187.5,24.88,89.36,20,58220
3,14440,3,4,1999,36.7,23.825,130,75.5,1.325,3.425,6.825,41883,435303.7,751187.5,24.88,89.36,20,61950
3,13100,3,4,2000,35.875,22.9,189,78.5,1.225,4.25,6.075,41883,435303.7,751187.5,24.88,89.36,20,61440
3,14550,3,4,2001,35.925,22.825,134.5,73.25,1.125,3.4,7.4,41883,435303.7,751187.5,24.88,89.36,20,75380
3,15260,3,4,2002,35.425,22.775,166.5,78.75,1.175,4.2,6.675,41883,435303.7,751187.5,24.88,89.36,20,75380
3,15600,3,4,2003,36.575,22.775,190.75,77.75,1.2,4.1,6.9,41883,435303.7,751187.5,24.88,89.36,20,72540
3,9917,3,4,2004,37.425,23.425,227.5,77.25,1.2,3.9,6.7,41883,435303.7,751187.5,24.88,89.36,20,45420
3,9127,3,4,2005,36.7,23.225,99.5,75,1.5,3.675,6.55,41883,435303.7,751187.5,24.88,89.36,20,40889
3,9260,3,4,2006,36.8,23.05,133,74.5,1.175,3.725,6.5,41883,435303.7,751187.5,24.88,89.36,20,43615
3,10390,3,4,2007,37.6,22.95,219.25,73.75,1.05,3.35,6.675,41883,435303.7,751187.5,24.88,89.36,20,46339
3,8830,3,4,2008,36.175,23.475,162,76.25,1.15,3.525,5.725,41883,435303.7,751187.5,24.88,89.36,20,39470
3,16957,3,4,2009,37.65,23.225,96.25,72.75,2.85,3.05,6.25,41883,435303.7,751187.5,24.88,89.36,20,76646
3,43814,3,4,2010,37.95,24.275,124.25,74,3.45,3.775,5.6,41883,435303.7,751187.5,24.88,89.36,20,193658
3,46830,3,4,2011,35.875,23.05,134.75,74.5,3,3.975,6.675,41883,435303.7,751187.5,24.88,89.36,20,202306
3,37703,3,4,2012,37.975,23.55,78.75,70.75,3.525,3.45,6.05,41883,435303.7,751187.5,24.88,89.36,20,171172
3,36321,3,4,2013,36.875,23.525,89.75,74,2.3,4,5.75,41883,435303.7,751187.5,24.88,89.36,20,176883
5,170895,3,4,1969,35.85,23.1,279.25,80.75,1.75,2.55,6.80454545454546,41933,621445.2,596963.4,23.48,91.19,10,540030
5,137550,3,4,1970,35.6,23.975,128.25,86.5,1.525,2.725,6.80454545454546,41933,621445.2,596963.4,23.48,91.19,10,462170
5,130730,3,4,1971,34.65,22.6,150.5,79.5,1.725,3,6.80454545454546,41933,621445.2,596963.4,23.48,91.19,10,384345
5,155125,3,4,1972,36.125,24.025,188.25,79.5,3.575,4.25,6.80454545454546,41933,621445.2,596963.4,23.48,91.19,10,530530
5,110940,3,4,1973,35.3,22.625,264.75,75,2.675,4.125,6.80454545454546,41933,621445.2,596963.4,23.48,91.19,10,389070
5,80840,3,4,1974,35.275,22.85,252.25,76.25,2.75,4,6.80454545454546,41933,621445.2,596963.4,23.48,91.19,10,232820
5,71745,3,4,1975,35.55,23.3,135.75,71,4.175,3.6,6.80454545454546,41933,621445.2,596963.4,23.48,91.19,10,263975
5,85175,3,4,1976,34.925,23.25,220,75,3.5,4.45,6.80454545454546,41933,621445.2,596963.4,23.48,91.19,10,246155
5,80455,3,4,1977,33.7,22.825,293.75,77.5,4.425,4.875,6.80454545454546,41933,621445.2,596963.4,23.48,91.19,10,867915
5,105275,3,4,1978,32.725,23.05,216.75,79.5,2.225,3.95,6.80454545454546,41933,621445.2,596963.4,23.48,91.19,10,371620
5,79060,3,4,1981,32.8,22.175,317.25,79.75,1.475,4.025,7.05,41933,621445.2,596963.4,23.48,91.19,10,285405
5,75450,3,4,1982,35.225,22.25,297.5,79,1.575,3.475,7.95,41933,621445.2,596963.4,23.48,91.19,10,275390
5,72455,3,4,1983,34.45,23.275,169,81.25,1.675,4.025,6.75,41933,621445.2,596963.4,23.48,91.19,10,292720
5,75345,3,4,1984,35.85,23.1,290.25,79.5,3.4,4,6.75,41933,621445.2,596963.4,23.48,91.19,10,286310
5,81295,3,4,1985,35.275,23.7,197.75,82,2.05,4.225,6.75,41933,621445.2,596963.4,23.48,91.19,10,329185
5,103856,3,4,1986,35.65,22.35,160,79,1.6,3.25,6.75,41933,621445.2,596963.4,23.48,91.19,10,449483
5,20,3,4,1987,35.15,23.3,157.75,81,2,3.575,7.4,41933,621445.2,596963.4,23.48,91.19,10,75
5,52435,3,4,1988,34.675,23.275,223,82,2.525,4.225,6.525,41933,621445.2,596963.4,23.48,91.19,10,256670
5,60550,3,4,1989,34.975,23.3,153.25,81,2.3,3.8,7.075,41933,621445.2,596963.4,23.48,91.19,10,227060
5,60990,3,4,1990,33.925,22.325,267.75,84.25,1.3,4.4,6.25,41933,621445.2,596963.4,23.48,91.19,10,244570
5,50280,3,4,1991,34.825,22.7,317.25,85.5,1.875,4.525,5.625,41933,621445.2,596963.4,23.48,91.19,10,220730
5,50160,3,4,1992,35.55,23.35,109.25,82.75,2.4,3.15,7.075,41933,621445.2,596963.4,23.48,91.19,10,237760
5,29840,3,4,1993,34.5,22.15,349.25,84.25,1.625,4.125,6.775,41933,621445.2,596963.4,23.48,91.19,10,122340
5,40000,3,4,1994,34.7,23.35,222.5,82.25,2,4.05,6.05,41933,621445.2,596963.4,23.48,91.19,10,169000
5,44980,3,4,1995,35.65,22.45,193.25,80.5,2.225,3.9,5.675,41933,621445.2,596963.4,23.48,91.19,10,223550
5,52680,3,4,1996,35.525,23.525,264.25,83.75,2.425,3.95,7.375,41933,621445.2,596963.4,23.48,91.19,10,271830
5,59080,3,4,1997,34,21.775,206.5,83.25,1.775,4.05,6.65,41933,621445.2,596963.4,23.48,91.19,10,299760
5,52130,3,4,1998,34.45,22.35,200,83,1.775,4.125,6.6,41933,621445.2,596963.4,23.48,91.19,10,186620
5,29810,3,4,1999,35.625,23.85,147,82.5,1.675,3.75,7.2,41933,621445.2,596963.4,23.48,91.19,10,111790
5,37690,3,4,2000,34.825,23.15,295.5,83.25,1.625,4.475,6.6,41933,621445.2,596963.4,23.48,91.19,10,168850
5,35890,3,4,2001,35.125,22.85,237.5,81,1.375,3.9,7.1,41933,621445.2,596963.4,23.48,91.19,10,111700
5,32950,3,4,2002,34.675,22.575,205.75,81.75,1.625,4.3,6.65,41933,621445.2,596963.4,23.48,91.19,10,111700
5,26190,3,4,2003,35.125,22.525,268.5,82.25,1.775,4.225,6.725,41933,621445.2,596963.4,23.48,91.19,10,89830
5,4283,3,4,2004,35.425,23.35,255.25,82,2.225,4.5,6.85,41933,621445.2,596963.4,23.48,91.19,10,18460
5,4020,3,4,2005,35.1,23.35,214.5,82,1.8,4.3,7.25,41933,621445.2,596963.4,23.48,91.19,10,16442
5,4320,3,4,2006,36.25,23.275,281.5,79.5,1.6,4.025,6.8,41933,621445.2,596963.4,23.48,91.19,10,19483
5,2790,3,4,2007,35.25,22.75,225.25,81,1.275,3.65,7,41933,621445.2,596963.4,23.48,91.19,10,11718
5,2530,3,4,2008,35.3,23.125,168,81.75,1.3,4.2,7.025,41933,621445.2,596963.4,23.48,91.19,10,10778
5,2242,3,4,2009,36.025,23.7,145.25,79.5,2.675,3.9,7.425,41933,621445.2,596963.4,23.48,91.19,10,9237
5,2820,3,4,2010,35.4,24.5,203.25,81.5,3.025,4.675,6.55,41933,621445.2,596963.4,23.48,91.19,10,11421
5,4812,3,4,2011,34.65,22.95,200.25,80.25,2.175,4.25,6.7,41933,621445.2,596963.4,23.48,91.19,10,17804
5,3110,3,4,2012,35.2,23.8,214.75,80.75,2.125,3.95,6.925,41933,621445.2,596963.4,23.48,91.19,10,10761
5,2572,3,4,2013,34.8,23.65,184.75,80.25,2.45,4.175,6.675,41933,621445.2,596963.4,23.48,91.19,10,8976
6,216925,3,4,1969,36.075,23.85,123.75,74.25,1.775,3.975,7.65,41923,540098.6,629248.4,23.78,90.39,9,668225
6,194695,3,4,1970,36.425,24.125,134,73.75,2.05,4.175,8.05,41923,540098.6,629248.4,23.78,90.39,9,686040
6,192590,3,4,1971,34.175,23.15,202.5,73.5,1.65,4.225,7.275,41923,540098.6,629248.4,23.78,90.39,9,622465
6,187440,3,4,1972,36.2,23.45,238.25,74,2.4,4.05,7.275,41923,540098.6,629248.4,23.78,90.39,9,604730
6,175200,3,4,1973,35.2,23.25,299.5,77,1.775,4.4,7.55,41923,540098.6,629248.4,23.78,90.39,9,503630
6,125570,3,4,1974,33.725,23.55,196.25,73.5,1.775,4.225,8.175,41923,540098.6,629248.4,23.78,90.39,9,343070
6,95395,3,4,1975,36.6,23.55,165.75,72.75,1.75,3.875,8.95,41923,540098.6,629248.4,23.78,90.39,9,350630
6,140460,3,4,1976,36.175,23.525,309.25,74.5,1.825,4.2,8.275,41923,540098.6,629248.4,23.78,90.39,9,523270
6,153155,3,4,1977,34.35,23.15,239.75,80.25,1.975,4.95,7.425,41923,540098.6,629248.4,23.78,90.39,9,566686
6,167250,3,4,1978,35.475,22.425,298.75,74.5,1.625,4.5,6.3,41923,540098.6,629248.4,23.78,90.39,9,628470
6,128770,3,4,1981,35.075,22.925,205.75,75,1.425,4.575,7.025,41923,540098.6,629248.4,23.78,90.39,9,452640
6,121630,3,4,1982,37.2,23.125,213.25,73.75,1.65,3.95,6.7,41923,540098.6,629248.4,23.78,90.39,9,424715
6,116205,3,4,1983,36.5,23.425,276,76.5,1.9,4.15,7.225,41923,540098.6,629248.4,23.78,90.39,9,425560
6,131390,3,4,1984,36.8,23.925,368.25,73.75,1.625,4.25,6.75,41923,540098.6,629248.4,23.78,90.39,9,437190
6,144651,3,4,1985,35.925,24.375,267.5,76.5,1.725,4.275,6.575,41923,540098.6,629248.4,23.78,90.39,9,510765
6,122693,3,4,1986,37.875,23.425,191.25,72,1.35,3.95,7.925,41923,540098.6,629248.4,23.78,90.39,9,429457
6,111195,3,4,1987,39.225,24.075,172,74,1.675,3.95,7.775,41923,540098.6,629248.4,23.78,90.39,9,382680
6,119975,3,4,1988,37.25,23.9,362.25,77,1.575,4.65,6.75,41923,540098.6,629248.4,23.78,90.39,9,178385
6,101320,3,4,1989,37.875,24.375,158,71.5,2.075,3.75,7.5,41923,540098.6,629248.4,23.78,90.39,9,323210
6,106650,3,4,1990,34.675,23.525,184,78.25,1.875,4.85,7.275,41923,540098.6,629248.4,23.78,90.39,9,385010
6,104910,3,4,1991,35.7,23.875,237,73.5,1.75,4.575,7.275,41923,540098.6,629248.4,23.78,90.39,9,338860
6,100750,3,4,1992,36.95,24.45,77.5,73.5,2.025,3.2,7.6,41923,540098.6,629248.4,23.78,90.39,9,387890
6,86960,3,4,1993,35.225,22.65,310.5,73.5,1.525,4.35,6.825,41923,540098.6,629248.4,23.78,90.39,9,307840
6,101000,3,4,1994,35.925,23.875,209,73,1.6,4.1,6.625,41923,540098.6,629248.4,23.78,90.39,9,359000
6,79280,3,4,1995,38.1,24.275,147.25,69.5,1.25,3.975,6.875,41923,540098.6,629248.4,23.78,90.39,9,264790
6,84390,3,4,1996,37,24.325,201,74.5,1.075,3.975,7.05,41923,540098.6,629248.4,23.78,90.39,9,322370
6,94820,3,4,1997,35.5,23.175,167.25,75,0.775,3.775,7.05,41923,540098.6,629248.4,23.78,90.39,9,366020
6,70400,3,4,1998,35.95,23.65,189.25,74.5,0.775,4.25,7,41923,540098.6,629248.4,23.78,90.39,9,242180
6,60150,3,4,1999,37.325,24.65,199.25,72,0.8,3.9,6.8,41923,540098.6,629248.4,23.78,90.39,9,210530
6,63190,3,4,2000,35.225,23.45,256,73.5,1.05,4.575,6.675,41923,540098.6,629248.4,23.78,90.39,9,217370
6,62570,3,4,2001,35.525,23.775,218.25,71.5,1.25,4.225,6.725,41923,540098.6,629248.4,23.78,90.39,9,218610
6,63550,3,4,2002,34.9,23.1,201.75,73.5,1.325,4.925,6.025,41923,540098.6,629248.4,23.78,90.39,9,218610
6,58920,3,4,2003,35.8,23.425,208,72.75,1.85,4.65,6.175,41923,540098.6,629248.4,23.78,90.39,9,193850
6,9605,3,4,2004,36.05,24.4,203.5,71.5,1.725,4.75,6.2,41923,540098.6,629248.4,23.78,90.39,9,29776
6,10370,3,4,2005,36.4,24.375,199,72,1.6,4.35,6.6,41923,540098.6,629248.4,23.78,90.39,9,45835
6,11700,3,4,2006,36.85,24.2,173,69.25,1,4.45,5.925,41923,540098.6,629248.4,23.78,90.39,9,45630
6,8670,3,4,2007,36.5,23.675,246.75,69.25,1.15,4.1,6.775,41923,540098.6,629248.4,23.78,90.39,9,29825
6,13895,3,4,2008,35.9,24.425,229.5,71.25,1.3,4.4,6.575,41923,540098.6,629248.4,23.78,90.39,9,55858
6,14450,3,4,2009,37.475,24.8,98.75,66.5,2.375,3.975,7,41923,540098.6,629248.4,23.78,90.39,9,63147
6,16137,3,4,2010,36.975,25.575,136,69.25,3.325,4.8,6.425,41923,540098.6,629248.4,23.78,90.39,9,67453
6,15320,3,4,2011,35.4,23.9,173,70,2.7,4.3,5.7,41923,540098.6,629248.4,23.78,90.39,9,58982
6,14096,3,4,2012,36.825,24.625,154.5,69,2.5,3.975,5.95,41923,540098.6,629248.4,23.78,90.39,9,57230
6,13773,3,4,2013,36.625,24.625,190.25,68.75,2.625,4.45,5.7,41923,540098.6,629248.4,23.78,90.39,9,52200
7,108805,3,4,1969,36.425,22.675,171.25,69.75,0.725,2.575,6.894,41863,365790.2,834718,25.63,88.66,37,292870
7,111815,3,4,1970,36.95,22.825,101,63,0.875,2.7,6.894,41863,365790.2,834718,25.63,88.66,37,271515
7,51100,3,4,1971,34.6,21.65,136.25,66.75,0.925,2.95,6.894,41863,365790.2,834718,25.63,88.66,37,91705
7,79240,3,4,1972,35.75,21.75,95.25,66.75,0.925,2.7,6.894,41863,365790.2,834718,25.63,88.66,37,149075
7,101465,3,4,1973,33.7,21.775,137.5,66.75,1.025,3.075,6.894,41863,365790.2,834718,25.63,88.66,37,250285
7,75015,3,4,1974,33.7,21.775,137.5,66.75,1.025,3.075,6.894,41863,365790.2,834718,25.63,88.66,37,153245
7,67385,3,4,1975,33.7,21.775,137.5,66.75,1.025,3.075,6.894,41863,365790.2,834718,25.63,88.66,37,170015
7,62430,3,4,1976,33.7,21.775,137.5,66.75,1.025,3.075,6.894,41863,365790.2,834718,25.63,88.66,37,148485
7,70310,3,4,1977,33.7,21.775,137.5,66.75,1.025,3.075,6.894,41863,365790.2,834718,25.63,88.66,37,194448
7,74680,3,4,1978,33.7,21.775,137.5,66.75,1.025,3.075,6.894,41863,365790.2,834718,25.63,88.66,37,207880
7,47485,3,4,1981,34.825,21.95,194,66.75,2.925,3.5,6.894,41863,365790.2,834718,25.63,88.66,37,166130
7,45095,3,4,1982,37.325,21.3,121,63.25,1.05,3.325,6.894,41863,365790.2,834718,25.63,88.66,37,150990
7,42690,3,4,1983,37.2,20.925,124.25,62,1.025,3.025,6.894,41863,365790.2,834718,25.63,88.66,37,142855
7,61015,3,4,1984,37.175,21.65,202.25,66,1.225,3.55,6.894,41863,365790.2,834718,25.63,88.66,37,179345
7,45695,3,4,1985,37,22.35,178.75,63.5,1.325,3.3,6.894,41863,365790.2,834718,25.63,88.66,37,137870
7,58018,3,4,1986,38.15,21.425,111.5,62.5,1.475,3.175,6.894,41863,365790.2,834718,25.63,88.66,37,178779
7,79960,3,4,1987,37.75,21.925,156,66.5,1.225,3.1,6.894,41863,365790.2,834718,25.63,88.66,37,252865
7,71820,3,4,1988,37.05,22.05,160.5,68.5,1.15,3.375,6.894,41863,365790.2,834718,25.63,88.66,37,171490
7,49280,3,4,1989,38.1,21.625,165.5,64,1.3,2.725,7.075,41863,365790.2,834718,25.63,88.66,37,126650
7,63010,3,4,1990,35.25,21.675,200,77.25,1.3,3.95,6.8,41863,365790.2,834718,25.63,88.66,37,169660
7,59060,3,4,1991,36.7,21.475,198.75,73,1.175,3.975,6.8,41863,365790.2,834718,25.63,88.66,37,169500
7,40920,3,4,1992,38.25,21.475,76.25,67.75,1.55,2.875,7.2,41863,365790.2,834718,25.63,88.66,37,115390
7,43150,3,4,1993,35.25,20.925,228.5,74.5,1.25,3.75,6.9,41863,365790.2,834718,25.63,88.66,37,119530
7,48000,3,4,1994,37.7,22.05,122.5,70.5,1.125,3.325,7.1,41863,365790.2,834718,25.63,88.66,37,142000
7,53260,3,4,1995,39.05,22.35,87.75,66,0.925,3.325,6.65,41863,365790.2,834718,25.63,88.66,37,144330
7,61140,3,4,1996,37.75,21.75,106.25,71.25,0.875,3.05,8.275,41863,365790.2,834718,25.63,88.66,37,173030
7,70520,3,4,1997,36.675,21.6,164.5,73.25,0.675,2.925,7.475,41863,365790.2,834718,25.63,88.66,37,204830
7,52250,3,4,1998,36.8,22.175,140.25,78.25,0.65,3.45,7.525,41863,365790.2,834718,25.63,88.66,37,155180
7,45160,3,4,1999,37.4,22.8,179.5,77.25,0.775,3.45,6.875,41863,365790.2,834718,25.63,88.66,37,142710
7,44930,3,4,2000,36.625,21.8,216,79,0.7,4.025,6.35,41863,365790.2,834718,25.63,88.66,37,142430
7,42600,3,4,2001,36.475,21.8,200,73.25,0.7,3.425,7.475,41863,365790.2,834718,25.63,88.66,37,119470
7,37570,3,4,2002,35.275,21.975,234.25,78,0.8,4.375,6.55,41863,365790.2,834718,25.63,88.66,37,119470
7,36080,3,4,2003,35.675,21.7,160.5,79.5,0.75,4.15,6.225,41863,365790.2,834718,25.63,88.66,37,119790
7,13325,3,4,2004,36.75,22.4,242.5,78.5,0.75,4.275,5.775,41863,365790.2,834718,25.63,88.66,37,59030
7,11441,3,4,2005,36.525,22.35,213.75,78.75,0.65,4.05,6.525,41863,365790.2,834718,25.63,88.66,37,46565
7,11935,3,4,2006,37.025,22.075,137.25,74.5,0.6,3.9,6.7,41863,365790.2,834718,25.63,88.66,37,49769
7,16755,3,4,2007,38.225,22.25,157.5,74,0.9,3.475,7.1,41863,365790.2,834718,25.63,88.66,37,63669
7,13560,3,4,2008,35.95,22.425,157.25,77.25,0.85,3.9,7.225,41863,365790.2,834718,25.63,88.66,37,55732
7,11279,3,4,2009,37,22.275,219.25,73.5,1.825,3.425,7.25,41863,365790.2,834718,25.63,88.66,37,48951
7,27120,3,4,2010,38.475,23.05,201.25,74.25,1.9,4.2,6.5,41863,365790.2,834718,25.63,88.66,37,121498
7,29110,3,4,2011,35.9,22,171.5,76,1.725,3.625,6.675,41863,365790.2,834718,25.63,88.66,37,127793
7,24313,3,4,2012,37.75,22.225,129.75,71.25,1.775,3.45,6.9,41863,365790.2,834718,25.63,88.66,37,114757
7,22389,3,4,2013,37.625,22.4,150.5,73.75,1.8,3.95,6.425,41863,365790.2,834718,25.63,88.66,37,108139
8,317620,3,4,1969,36.975,23.475,129.5,73.25,1.975,3.7,6.98534482758621,41929,483877.3,610719.3,23.61,89.84,9,947780
8,239680,3,4,1970,36.375,23.55,143.5,72,2.1,4.5,6.98534482758621,41929,483877.3,610719.3,23.61,89.84,9,668180
8,164305,3,4,1971,33.675,22.9,176.75,75,1.775,3.825,6.98534482758621,41929,483877.3,610719.3,23.61,89.84,9,329715
8,241880,3,4,1972,36.8,22.3,170.5,73.25,1.925,3.5,6.98534482758621,41929,483877.3,610719.3,23.61,89.84,9,806030
8,273125,3,4,1973,36.1,21.7,301.75,76,1.55,4.375,6.98534482758621,41929,483877.3,610719.3,23.61,89.84,9,714630
8,156205,3,4,1974,36.4,21.225,218.5,77.25,1.65,4,6.98534482758621,41929,483877.3,610719.3,23.61,89.84,9,350630
8,114275,3,4,1975,36.775,22.45,146.25,77,1.825,3.75,6.98534482758621,41929,483877.3,610719.3,23.61,89.84,9,383355
8,134990,3,4,1976,36.825,23.25,205.25,75,1.475,3.8,6.98534482758621,41929,483877.3,610719.3,23.61,89.84,9,510850
8,173910,3,4,1977,36.35,22.975,250,78.25,1.175,4.125,6.98534482758621,41929,483877.3,610719.3,23.61,89.84,9,537371
8,194195,3,4,1978,35.475,22.175,166.75,74,0.6,3.45,6.98534482758621,41929,483877.3,610719.3,23.61,89.84,9,627195
8,152210,3,4,1981,35.175,22.5,260.75,78.5,1.1,3.25,6.98534482758621,41929,483877.3,610719.3,23.61,89.84,9,427975
8,168000,3,4,1982,37.2,22.825,154.25,75.5,1.125,2.275,6.98534482758621,41929,483877.3,610719.3,23.61,89.84,9,485200
8,174165,3,4,1983,37.025,23.375,194,74.75,0.95,2.2,6.98534482758621,41929,483877.3,610719.3,23.61,89.84,9,585160
8,207775,3,4,1984,36.95,22.7,356.75,74.25,1.75,3.325,6.98534482758621,41929,483877.3,610719.3,23.61,89.84,9,518470
8,148180,3,4,1985,37.375,23.575,184,77.25,1.75,3.4,6.525,41929,483877.3,610719.3,23.61,89.84,9,483907
8,152328,3,4,1986,37.25,22.525,160.25,74,2.1,2.925,7.15,41929,483877.3,610719.3,23.61,89.84,9,504326
8,152745,3,4,1987,38.75,23.425,171,74.5,2.525,3.625,7.65,41929,483877.3,610719.3,23.61,89.84,9,526970
8,154590,3,4,1988,38.25,23.375,302.5,78.75,2.95,4.025,6.85,41929,483877.3,610719.3,23.61,89.84,9,349485
8,152170,3,4,1989,37.7,23.375,158.5,75,3.075,3.075,7.5,41929,483877.3,610719.3,23.61,89.84,9,541720
8,171160,3,4,1990,34.9,22.9,246.75,81.75,2.45,4.425,6.9,41929,483877.3,610719.3,23.61,89.84,9,575100
8,190420,3,4,1991,36.55,23.125,191,79.25,2.425,4,6.3,41929,483877.3,610719.3,23.61,89.84,9,666470
8,179100,3,4,1992,38.025,22.75,114.75,72,2.25,2.975,7.25,41929,483877.3,610719.3,23.61,89.84,9,773710
8,188950,3,4,1993,35.6,21.625,217.25,77,2.15,4.075,6.825,41929,483877.3,610719.3,23.61,89.84,9,710450
8,209000,3,4,1994,36.65,23.275,158.25,76,1.875,3.475,6.975,41929,483877.3,610719.3,23.61,89.84,9,583000
8,211930,3,4,1995,38.25,23.825,180.25,71,2.375,3.65,7,41929,483877.3,610719.3,23.61,89.84,9,690890
8,224030,3,4,1996,37.45,23.8,202.25,76,2.425,2.5,7.4,41929,483877.3,610719.3,23.61,89.84,9,880440
8,249230,3,4,1997,36.1,22.55,152.25,77,1.85,3.725,7.55,41929,483877.3,610719.3,23.61,89.84,9,1096360
8,201950,3,4,1998,36.725,23.1,149.5,79.5,2.35,3.8,6.85,41929,483877.3,610719.3,23.61,89.84,9,842130
8,175710,3,4,1999,37.675,24,150.5,76.5,2.2,3.125,7.125,41929,483877.3,610719.3,23.61,89.84,9,711630
8,197940,3,4,2000,36.2,23.35,183.75,78.25,1.825,3.85,6.5,41929,483877.3,610719.3,23.61,89.84,9,799670
8,220920,3,4,2001,36.075,23.15,189,76.25,1.375,3.7,6.975,41929,483877.3,610719.3,23.61,89.84,9,932680
8,228040,3,4,2002,35.7,23.2,207,78.75,1.525,4.15,6.95,41929,483877.3,610719.3,23.61,89.84,9,932680
8,224970,3,4,2003,36.85,23.575,150.5,78.25,1.3,3.525,6.95,41929,483877.3,610719.3,23.61,89.84,9,1046110
8,85559,3,4,2004,36.8,24.075,171.5,75.75,1.575,3.775,7.05,41929,483877.3,610719.3,23.61,89.84,9,446618
8,95595,3,4,2005,37.475,24.3,112.5,75.5,1.475,3.8,7.625,41929,483877.3,610719.3,23.61,89.84,9,516213
8,105260,3,4,2006,37.8,23.775,143.75,75.25,1.475,3.85,6.825,41929,483877.3,610719.3,23.61,89.84,9,559983
8,131720,3,4,2007,37.125,23.2,171.25,74.25,1.2,3.425,7.075,41929,483877.3,610719.3,23.61,89.84,9,508439
8,131455,3,4,2008,37,23.925,89,76.5,0.925,3.45,7.225,41929,483877.3,610719.3,23.61,89.84,9,573144
8,118932,3,4,2009,38.8,23.925,169,71.75,2.675,2.95,7.375,41929,483877.3,610719.3,23.61,89.84,9,610121
8,183375,3,4,2010,37.825,24.925,243.75,75,3.1,3.4,6.95,41929,483877.3,610719.3,23.61,89.84,9,891203
8,202786,3,4,2011,36.2,23.125,168,75.75,2.725,3.475,6.675,41929,483877.3,610719.3,23.61,89.84,9,786810
8,156226,3,4,2012,37.35,23.875,102.25,73.75,2.5,2.875,6.375,41929,483877.3,610719.3,23.61,89.84,9,698330
8,176626,3,4,2013,37.375,23.825,184.5,74.75,2.4,3.55,6.175,41929,483877.3,610719.3,23.61,89.84,9,722400
4,600,3,4,1969,33.65,23.2,323.75,81,3.525,4.325,7.75,41978,684570.9,471415,22.34,91.79,6,1380
4,535,3,4,1970,34.5,23.9,128.25,80.25,3.4,4.65,7.05,41978,684570.9,471415,22.34,91.79,6,1725
4,445,3,4,1971,33.1,23.125,248.25,79,3.075,4.3,7.025,41978,684570.9,471415,22.34,91.79,6,1375
4,440,3,4,1972,35.05,23.525,141,79,4.075,4.075,7.025,41978,684570.9,471415,22.34,91.79,6,1165
4,10,3,4,1973,33.975,23.25,255,79.25,3.7,4.15,8.1,41978,684570.9,471415,22.34,91.79,6,25
4,300,3,4,1974,33.55,23.05,379.75,81.5,4.225,4.525,7.6,41978,684570.9,471415,22.34,91.79,6,795
4,305,3,4,1975,34.475,23.675,176.25,78.25,4.35,3.5,7.025,41978,684570.9,471415,22.34,91.79,6,770
4,305,3,4,1976,34.35,22.9,306.5,79.25,4.8,3.625,7.025,41978,684570.9,471415,22.34,91.79,6,770
4,190,3,4,1977,33.325,22.65,279.75,83.75,2.4,4.725,6.825,41978,684570.9,471415,22.34,91.79,6,503
4,315,3,4,1978,34.375,22.125,307.5,76.75,4.05,4.525,7.025,41978,684570.9,471415,22.34,91.79,6,727
4,320,3,4,1981,32.85,22.45,277.75,78,4.1,4.675,5.825,41978,684570.9,471415,22.34,91.79,6,620
4,180,3,4,1982,34.4,22.975,239.75,76.5,4.1,3.5,6.825,41978,684570.9,471415,22.34,91.79,6,385
4,145,3,4,1983,33.625,22.9,288,78.25,4.5,4.4,6.85,41978,684570.9,471415,22.34,91.79,6,310
4,140,3,4,1984,34.875,22.85,287,80,5.05,4.175,7.025,41978,684570.9,471415,22.34,91.79,6,240
4,9,3,4,1985,33.275,23.725,314.75,81.5,5.7,4.325,7.125,41978,684570.9,471415,22.34,91.79,6,9
4,11,3,4,1986,35.35,23.325,285.5,76.75,4.5,3.525,7.45,41978,684570.9,471415,22.34,91.79,6,18
4,53045,3,4,1987,34,23.85,235.5,78,4.425,3.625,7.025,41978,684570.9,471415,22.34,91.79,6,223850
4,0,3,4,1988,34.675,23.7,323.25,77.5,3.725,4,6.825,41978,684570.9,471415,22.34,91.79,6,0
4,0,3,4,1989,34.6,23.875,144.75,75.25,4.925,3.775,7.475,41978,684570.9,471415,22.34,91.79,6,0
4,0,3,4,1990,33.675,22.95,294,78.25,3.275,4.9,6.025,41978,684570.9,471415,22.34,91.79,6,0
4,0,3,4,1991,33.8,24.025,345,79,3.325,4.375,7.025,41978,684570.9,471415,22.34,91.79,6,0
4,0,3,4,1992,34.475,24.25,174.75,80,3.65,3.95,6.625,41978,684570.9,471415,22.34,91.79,6,0
4,0,3,4,1993,33.6,22.325,442.75,79.75,3,3.9,6.45,41978,684570.9,471415,22.34,91.79,6,0
4,0,3,4,1994,34.2,23.8,311.25,78.5,3.7,3.925,6.25,41978,684570.9,471415,22.34,91.79,6,0
4,0,3,4,1995,35.5,24.45,174,76.25,4,3.65,6.975,41978,684570.9,471415,22.34,91.79,6,0
4,0,3,4,1996,34.725,24.25,263,80.25,4.3,4.025,7.025,41978,684570.9,471415,22.34,91.79,6,0
4,0,3,4,1997,34.225,23.375,212.5,80.75,3.25,4.275,6.275,41978,684570.9,471415,22.34,91.79,6,0
4,0,3,4,1998,35.35,23.8,199.75,79,2.725,4.15,7.075,41978,684570.9,471415,22.34,91.79,6,0
4,0,3,4,1999,35.05,24.175,335.5,81.25,3.15,3.925,6.65,41978,684570.9,471415,22.34,91.79,6,0
4,0,3,4,2000,35.675,23.625,341,80.25,2.825,4.375,6.4,41978,684570.9,471415,22.34,91.79,6,0
4,0,3,4,2001,36.925,23.15,301.75,75.25,3,3.85,7.1,41978,684570.9,471415,22.34,91.79,6,0
4,0,3,4,2002,35.15,23.425,247.75,73.75,3.375,4.175,7.025,41978,684570.9,471415,22.34,91.79,6,0
4,0,3,4,2003,35.275,23.7,406.75,80.5,0.9,4.075,7.025,41978,684570.9,471415,22.34,91.79,6,0
4,0,3,4,2004,35.975,24.325,271,80.25,0.825,4.625,7.025,41978,684570.9,471415,22.34,91.79,6,0
4,0,3,4,2005,35.675,24.575,139.75,78.25,1.3,4.075,6.275,41978,684570.9,471415,22.34,91.79,6,0
4,0,3,4,2006,36.925,24.25,299.25,78.75,0.95,3.85,6.275,41978,684570.9,471415,22.34,91.79,6,0
4,0,3,4,2007,36.625,23.625,360.75,79.25,1.125,3.8,7.1,41978,684570.9,471415,22.34,91.79,6,0
4,0,3,4,2008,34.025,24.2,197.25,79,2.9,3.8,6.7,41978,684570.9,471415,22.34,91.79,6,0
4,0,3,4,2009,34.375,24.375,231,71,3.925,3.75,7.4,41978,684570.9,471415,22.34,91.79,6,0
4,0,3,4,2010,34.8,24.95,294.75,75.25,5.175,4.2,6.35,41978,684570.9,471415,22.34,91.79,6,0
4,0,3,4,2011,33.8,23.575,231.25,78.25,6.15,4.225,6.35,41978,684570.9,471415,22.34,91.79,6,0
4,0,3,4,2012,34.525,24.15,436.75,80.75,6.825,3.85,6.35,41978,684570.9,471415,22.34,91.79,6,0
4,0,3,4,2013,33.75,23.975,336.75,81.25,7.2,3.9,6.35,41978,684570.9,471415,22.34,91.79,6,0
10,167870,3,4,1969,37.025,23.85,118.5,71.75,3.025,3.925,7.7,41936,420062.7,562498.8,23.17,89.22,7,503585
10,173135,3,4,1970,37.3,24.025,128.25,72.25,3.775,3.875,8.325,41936,420062.7,562498.8,23.17,89.22,7,528630
10,123000,3,4,1971,35.15,16.4,163.5,73,2.825,3.95,7.075,41936,420062.7,562498.8,23.17,89.22,7,354040
10,152270,3,4,1972,37.375,23.8,44,68,3.3,3.15,7.875,41936,420062.7,562498.8,23.17,89.22,7,479795
10,203765,3,4,1973,36.575,22.925,182.75,72,2.95,3.8,6.65,41936,420062.7,562498.8,23.17,89.22,7,636805
10,107565,3,4,1974,36.975,23.075,129.5,74,2.65,3.625,7.3,41936,420062.7,562498.8,23.17,89.22,7,343200
10,68890,3,4,1975,37.225,23.45,73,67.75,3.85,3.575,7.975,41936,420062.7,562498.8,23.17,89.22,7,233575
10,143470,3,4,1976,37.15,23.025,118.25,70.5,3.1,3.35,7.475,41936,420062.7,562498.8,23.17,89.22,7,460430
10,175985,3,4,1977,36.8,23.25,171.75,75.5,3.4,4.225,6.575,41936,420062.7,562498.8,23.17,89.22,7,544843
10,220440,3,4,1978,35.15,23.275,130.75,73,2.875,3.85,7.55,41936,420062.7,562498.8,23.17,89.22,7,749035
10,161295,3,4,1981,35.95,22.825,173.75,75.25,2.975,4.875,6.525,41936,420062.7,562498.8,23.17,89.22,7,510705
10,166630,3,4,1982,37.65,22.925,166.5,73,3.4,4.1,6.175,41936,420062.7,562498.8,23.17,89.22,7,565155
10,170555,3,4,1983,38.6,23.375,158.75,72.25,3.525,4,7.2,41936,420062.7,562498.8,23.17,89.22,7,571730
10,187125,3,4,1984,38.65,23.325,286.25,72.5,4.5,4,6.35,41936,420062.7,562498.8,23.17,89.22,7,504520
10,148118,3,4,1985,38.3,24.3,137.25,72.75,3.6,3.75,6.775,41936,420062.7,562498.8,23.17,89.22,7,556603
10,117494,3,4,1986,39,23.175,141.75,71.5,3.375,3.475,6.925,41936,420062.7,562498.8,23.17,89.22,7,430005
10,148285,3,4,1987,38.85,23.875,150.5,72.75,3.325,3.9,7.125,41936,420062.7,562498.8,23.17,89.22,7,608440
10,121835,3,4,1988,37.75,23.85,270.25,76.25,3.925,4.675,6.15,41936,420062.7,562498.8,23.17,89.22,7,26800
10,123710,3,4,1989,38.825,23.55,100.5,72,3.275,3.85,7.025,41936,420062.7,562498.8,23.17,89.22,7,487420
10,132410,3,4,1990,36.125,23.25,173.75,79.5,3.075,4.7,6.475,41936,420062.7,562498.8,23.17,89.22,7,570690
10,144280,3,4,1991,37.775,23.925,169.5,76.5,2.975,4.35,6.35,41936,420062.7,562498.8,23.17,89.22,7,623290
10,101850,3,4,1992,38.9,23.55,131.75,72.75,2.625,3.425,7.475,41936,420062.7,562498.8,23.17,89.22,7,451200
10,126120,3,4,1993,36.975,22.675,207.75,76.75,2.475,3.85,6.8,41936,420062.7,562498.8,23.17,89.22,7,596550
10,143000,3,4,1994,39.125,23.75,148,73.75,2.525,4,6.6,41936,420062.7,562498.8,23.17,89.22,7,596000
10,109780,3,4,1995,39.65,24.075,76.75,71.75,3.025,3.975,6.525,41936,420062.7,562498.8,23.17,89.22,7,500600
10,121160,3,4,1996,38.375,23.575,152,76.5,2.15,3.925,7.325,41936,420062.7,562498.8,23.17,89.22,7,542800
10,151620,3,4,1997,37.525,22.875,115.5,77.75,2.125,4.05,7.2,41936,420062.7,562498.8,23.17,89.22,7,718620
10,114360,3,4,1998,37.1,23.375,162.5,78.75,1.75,4.1,6.825,41936,420062.7,562498.8,23.17,89.22,7,503180
10,69580,3,4,1999,39.25,24.15,101.75,75.25,2.875,3.7,7.375,41936,420062.7,562498.8,23.17,89.22,7,301980
10,91330,3,4,2000,37.55,23.35,113.5,77.25,3.1,4.4,7.975,41936,420062.7,562498.8,23.17,89.22,7,397290
10,89990,3,4,2001,36.925,23.225,225,78.5,1.95,4.3,6.4,41936,420062.7,562498.8,23.17,89.22,7,385970
10,81600,3,4,2002,38.675,23.4,245.5,77.75,2.4,4.325,6,41936,420062.7,562498.8,23.17,89.22,7,385970
10,82050,3,4,2003,38.45,23.4,161,77.75,2.225,4.025,6.9,41936,420062.7,562498.8,23.17,89.22,7,408610
10,29295,3,4,2004,38.65,23.65,130.5,77,2.475,3.95,7.075,41936,420062.7,562498.8,23.17,89.22,7,170790
10,37540,3,4,2005,39.875,24.075,90,76.25,2.275,3.5,6.975,41936,420062.7,562498.8,23.17,89.22,7,203091
10,36740,3,4,2006,39.625,23.6,142.25,76.5,1.725,3.45,6.175,41936,420062.7,562498.8,23.17,89.22,7,205744
10,39280,3,4,2007,38.65,23.425,132.75,76,2,3.225,6.65,41936,420062.7,562498.8,23.17,89.22,7,210148
10,32445,3,4,2008,38.15,23.5,131.5,78.25,1.925,3.7,6.125,41936,420062.7,562498.8,23.17,89.22,7,189479
10,33827,3,4,2009,40.275,23.75,96.75,73.75,6.175,2.725,6.275,41936,420062.7,562498.8,23.17,89.22,7,194844
10,84443,3,4,2010,38.65,25.05,130.25,74.5,6.75,3.35,4.925,41936,420062.7,562498.8,23.17,89.22,7,462748
10,84598,3,4,2011,37.6,23.175,128.25,75.25,7.75,3.725,5.925,41936,420062.7,562498.8,23.17,89.22,7,355312
10,60920,3,4,2012,39.975,24,86,71.75,8.35,2.775,5.925,41936,420062.7,562498.8,23.17,89.22,7,287542
10,57912,3,4,2013,37.75,23.75,138,73.5,7.45,3.3,6.25,41936,420062.7,562498.8,23.17,89.22,7,296509
14,69095,3,4,1969,37.025,23.85,118.5,71.75,3.025,3.925,7.7,41936,420062.7,562498.8,23.17,89.22,7,187780
14,78540,3,4,1970,37.3,24.025,128.25,72.25,3.775,3.875,8.325,41936,420062.7,562498.8,23.17,89.22,7,191965
14,38560,3,4,1971,35.15,16.4,163.5,73,2.825,3.95,7.075,41936,420062.7,562498.8,23.17,89.22,7,76250
14,94680,3,4,1972,37.375,23.8,44,68,3.3,3.15,7.875,41936,420062.7,562498.8,23.17,89.22,7,268845
14,88150,3,4,1973,36.575,22.925,182.75,72,2.95,3.8,6.65,41936,420062.7,562498.8,23.17,89.22,7,251775
14,44410,3,4,1974,36.975,23.075,129.5,74,2.65,3.625,7.3,41936,420062.7,562498.8,23.17,89.22,7,107180
14,31200,3,4,1975,37.225,23.45,73,67.75,3.85,3.575,7.975,41936,420062.7,562498.8,23.17,89.22,7,84155
14,58980,3,4,1976,37.15,23.025,118.25,70.5,3.1,3.35,7.475,41936,420062.7,562498.8,23.17,89.22,7,145075
14,75480,3,4,1977,36.8,23.25,171.75,75.5,3.4,4.225,6.575,41936,420062.7,562498.8,23.17,89.22,7,213542
14,83270,3,4,1978,35.15,23.275,130.75,73,2.875,3.85,7.55,41936,420062.7,562498.8,23.17,89.22,7,253945
12,59420,3,4,1969,37.35,25.125,130.5,74.25,0.825,2,7.21583333333334,41947,456632.4,521635.7,22.8,89.58,4,176430
12,42520,3,4,1970,37.1,25.125,182,76.75,0.5,2.35,7.21583333333334,41947,456632.4,521635.7,22.8,89.58,4,133115
12,23485,3,4,1971,35.6,23.975,68.75,76.75,1.05,2.625,7.21583333333334,41947,456632.4,521635.7,22.8,89.58,4,57120
12,33880,3,4,1972,36.825,24.7,143.5,76.75,1.075,2.725,7.21583333333334,41947,456632.4,521635.7,22.8,89.58,4,86710
12,46320,3,4,1973,35.625,24.075,198,76.75,1.45,2.4,7.21583333333334,41947,456632.4,521635.7,22.8,89.58,4,157100
12,28190,3,4,1974,36.275,24.325,190.75,74,2.45,4.525,7.21583333333334,41947,456632.4,521635.7,22.8,89.58,4,66020
12,15035,3,4,1975,34.75,24.075,148,76.75,1.775,3.55,7.21583333333334,41947,456632.4,521635.7,22.8,89.58,4,42970
12,33150,3,4,1976,37.05,24.25,171.75,71,1.925,3.45,7.21583333333334,41947,456632.4,521635.7,22.8,89.58,4,97625
12,44665,3,4,1977,36.55,24.225,195.25,76.75,1.875,4.425,7.21583333333334,41947,456632.4,521635.7,22.8,89.58,4,114835
12,51775,3,4,1978,36.1,23.45,190.5,78.5,1.2,3.575,7.21583333333334,41947,456632.4,521635.7,22.8,89.58,4,161339
12,24200,3,4,1981,35.125,23.3,257.5,81.5,2.425,4.025,7.21583333333334,41947,456632.4,521635.7,22.8,89.58,4,72100
12,28855,3,4,1982,36.1,23.725,132,77.25,1.325,3.175,7.21583333333334,41947,456632.4,521635.7,22.8,89.58,4,100735
12,31515,3,4,1983,36.25,23.675,215,79,3.7,3.75,7.21583333333334,41947,456632.4,521635.7,22.8,89.58,4,122320
12,48740,3,4,1984,37.25,23.525,276.75,83.5,4.3,4.6,7.075,41947,456632.4,521635.7,22.8,89.58,4,170390
12,36909,3,4,1985,37.675,24.475,132.75,82.5,3.9,4.7,7.825,41947,456632.4,521635.7,22.8,89.58,4,123798
12,32288,3,4,1986,38.075,23.1,159.5,79.5,1.975,3.725,7.2,41947,456632.4,521635.7,22.8,89.58,4,110442
12,18155,3,4,1987,38.325,23.475,154.25,77,1.65,3.85,8.125,41947,456632.4,521635.7,22.8,89.58,4,75245
12,26680,3,4,1988,37.15,24.125,243.75,79.75,2.075,4.525,6.75,41947,456632.4,521635.7,22.8,89.58,4,458650
12,25590,3,4,1989,37.75,23.725,124.5,75.5,2.325,3.55,7.8,41947,456632.4,521635.7,22.8,89.58,4,107480
12,26950,3,4,1990,36.075,23.5,198,81.25,1.75,4.45,6.55,41947,456632.4,521635.7,22.8,89.58,4,120470
12,26430,3,4,1991,36.525,24.375,146.5,79.25,2.025,3.975,6.675,41947,456632.4,521635.7,22.8,89.58,4,119990
12,18340,3,4,1992,37.475,23.55,87.75,76.75,2.15,2.85,7.875,41947,456632.4,521635.7,22.8,89.58,4,86200
12,12230,3,4,1993,35.8,23.025,261.25,78,2.3,3.8,7.175,41947,456632.4,521635.7,22.8,89.58,4,50270
12,19000,3,4,1994,37.3,24.025,114.75,77,1.825,3.225,7.025,41947,456632.4,521635.7,22.8,89.58,4,80000
12,15490,3,4,1995,37.875,24.375,135.25,75.25,1.575,3.1,6.9,41947,456632.4,521635.7,22.8,89.58,4,68160
12,19760,3,4,1996,37.375,24.175,158.75,81,1.725,3.65,7.725,41947,456632.4,521635.7,22.8,89.58,4,88720
12,25920,3,4,1997,36.05,23.025,144.5,77.5,1.6,3.825,7.05,41947,456632.4,521635.7,22.8,89.58,4,122880
12,21210,3,4,1998,36.225,24.025,163.5,78,1.45,3.7,6.975,41947,456632.4,521635.7,22.8,89.58,4,95440
12,17710,3,4,1999,37.75,24.6,92.75,77,1.7,3.325,7.325,41947,456632.4,521635.7,22.8,89.58,4,81470
12,15300,3,4,2000,36.8,23.45,128,79.25,1.325,3.975,7.175,41947,456632.4,521635.7,22.8,89.58,4,74200
12,11510,3,4,2001,36.75,23.85,167.5,79.5,0.725,3.775,7.15,41947,456632.4,521635.7,22.8,89.58,4,61120
12,11960,3,4,2002,37.425,23.825,297,78.75,1.1,4.075,7.5,41947,456632.4,521635.7,22.8,89.58,4,61120
12,12610,3,4,2003,36.825,24.325,148.5,78.75,1.075,3.775,7.375,41947,456632.4,521635.7,22.8,89.58,4,64310
12,803,3,4,2004,36.95,24.8,163.75,78.75,1.225,3.8,7,41947,456632.4,521635.7,22.8,89.58,4,3951
12,1046,3,4,2005,37.45,25.125,127,82,1.375,3.925,7.825,41947,456632.4,521635.7,22.8,89.58,4,4791
12,1160,3,4,2006,37.85,24.65,129,75,0.725,3.6,6.6,41947,456632.4,521635.7,22.8,89.58,4,5127
12,1725,3,4,2007,36.9,24.05,149.75,76,0.925,3.775,7.675,41947,456632.4,521635.7,22.8,89.58,4,8125
12,1780,3,4,2008,37.075,24.6,106.25,78.25,0.525,4.15,7.1,41947,456632.4,521635.7,22.8,89.58,4,7903
12,1526,3,4,2009,38.5,24.9,99,75,2.5,3.325,7.65,41947,456632.4,521635.7,22.8,89.58,4,6562
12,8530,3,4,2010,38.025,25.7,117,76,2.325,4,7.375,41947,456632.4,521635.7,22.8,89.58,4,38641
12,8833,3,4,2011,37.225,24,142.5,76.5,2.5,3.75,6.75,41947,456632.4,521635.7,22.8,89.58,4,30916
12,4923,3,4,2012,38.45,25.1,92.75,79,2.175,3.175,6.925,41947,456632.4,521635.7,22.8,89.58,4,16738
12,5175,3,4,2013,37.475,24.375,180.75,77.25,2.2,4,6.325,41947,456632.4,521635.7,22.8,89.58,4,22097
15,471100,3,4,1969,34.65,22.675,228.5,74.5,0.75,3.75,6.08428571428571,41886,540975.3,737535.8,24.75,90.41,19,1378335
15,271025,3,4,1970,35.975,22.775,217.25,71.5,0.375,4.225,6.08428571428571,41886,540975.3,737535.8,24.75,90.41,19,797580
15,171585,3,4,1971,32.8,22.3,203.75,75.25,1.55,4.3,6.08428571428571,41886,540975.3,737535.8,24.75,90.41,19,383905
15,303180,3,4,1972,35.1,22.175,223.25,75.25,0.825,4.3,6.08428571428571,41886,540975.3,737535.8,24.75,90.41,19,887190
15,277750,3,4,1973,34.8,22.25,192.25,75.25,0.825,4.525,6.08428571428571,41886,540975.3,737535.8,24.75,90.41,19,712350
15,213290,3,4,1974,34.15,22.025,174.25,75.25,1.075,4.175,6.08428571428571,41886,540975.3,737535.8,24.75,90.41,19,523100
15,180785,3,4,1975,36.725,22.025,29.75,75.25,0.35,3.6,6.08428571428571,41886,540975.3,737535.8,24.75,90.41,19,553960
15,230850,3,4,1976,36.25,21.25,203,75.25,0.175,3.8,6.08428571428571,41886,540975.3,737535.8,24.75,90.41,19,635510
15,267540,3,4,1977,32.8,22.3,462.5,77.5,3.725,4.85,6.08428571428571,41886,540975.3,737535.8,24.75,90.41,19,748222
15,268810,3,4,1978,35.175,21.35,269.75,74.75,2.375,4.3,6.08428571428571,41886,540975.3,737535.8,24.75,90.41,19,773120
15,117035,3,4,1981,34.475,22.325,200.75,69.5,2.375,4.85,6.775,41886,540975.3,737535.8,24.75,90.41,19,393455
15,106540,3,4,1982,36.35,22.45,288.5,68.5,1.95,4.15,6.15,41886,540975.3,737535.8,24.75,90.41,19,366615
15,108435,3,4,1983,35.625,22.2,201.25,69.5,2.075,4.25,6.55,41886,540975.3,737535.8,24.75,90.41,19,432370
15,112300,3,4,1984,35.6,22.575,257.75,74.25,2.1,4.45,5.625,41886,540975.3,737535.8,24.75,90.41,19,380850
15,134746,3,4,1985,34.85,22.95,136.5,75.25,2.175,4.525,5.7,41886,540975.3,737535.8,24.75,90.41,19,445273
15,111586,3,4,1986,35.675,22.425,220,71.25,2.575,4.05,6.225,41886,540975.3,737535.8,24.75,90.41,19,416177
15,86415,3,4,1987,36.225,23.025,217,77.75,2.075,4.1,6.5,41886,540975.3,737535.8,24.75,90.41,19,369400
15,65100,3,4,1988,34.875,23.15,382.5,81,2.375,4.45,5.575,41886,540975.3,737535.8,24.75,90.41,19,160300
15,50170,3,4,1989,36.125,22.975,149.5,77.5,1.975,3.9,6.4,41886,540975.3,737535.8,24.75,90.41,19,183120
15,57380,3,4,1990,34.45,21.775,275.5,81.5,1.55,4.625,5.55,41886,540975.3,737535.8,24.75,90.41,19,198530
15,60460,3,4,1991,35.325,20.55,350.75,80.25,1.525,4.6,4.525,41886,540975.3,737535.8,24.75,90.41,19,194680
15,36920,3,4,1992,36.45,22.75,111.5,75.5,1.9,3.35,6.775,41886,540975.3,737535.8,24.75,90.41,19,124790
15,38430,3,4,1993,34.25,21.65,356,77.75,1.95,4.425,5.8,41886,540975.3,737535.8,24.75,90.41,19,117210
15,53000,3,4,1994,36.05,22.8,163.25,77.25,2.25,4.3,5.925,41886,540975.3,737535.8,24.75,90.41,19,192000
15,29820,3,4,1995,36.225,22.9,237.75,74.75,2.05,3.975,6.025,41886,540975.3,737535.8,24.75,90.41,19,94530
15,32220,3,4,1996,35.55,23.075,108,78.25,1.9,3.9,6.125,41886,540975.3,737535.8,24.75,90.41,19,108900
15,49520,3,4,1997,34.35,22,182.5,78.75,1.975,4.225,6.875,41886,540975.3,737535.8,24.75,90.41,19,171870
15,40210,3,4,1998,35.125,22.7,176,80.25,1.625,4.3,5.875,41886,540975.3,737535.8,24.75,90.41,19,129880
15,34040,3,4,1999,35.45,23.4,183.75,79,1.725,3.725,6.125,41886,540975.3,737535.8,24.75,90.41,19,119140
15,23270,3,4,2000,36.05,22.55,330.75,83,1.8,4.6,5.5,41886,540975.3,737535.8,24.75,90.41,19,82380
15,21090,3,4,2001,34.95,22.475,234.5,79,1.675,4.025,6.325,41886,540975.3,737535.8,24.75,90.41,19,62780
15,19930,3,4,2002,33.925,22.275,317,81.25,1.5,4.55,6.125,41886,540975.3,737535.8,24.75,90.41,19,62780
15,19630,3,4,2003,34.75,22.375,226,80.5,1.6,4.575,6.25,41886,540975.3,737535.8,24.75,90.41,19,71060
15,26430,3,4,2012,35.45,22.8,132.25,79,2.25,4.25,5.95,41886,540975.3,737535.8,24.75,90.41,19,96470
9,78365,3,4,1981,34.475,22.325,200.75,69.5,2.375,4.85,6.775,41886,540975.3,737535.8,24.75,90.41,19,258905
9,73125,3,4,1982,36.35,22.45,288.5,68.5,1.95,4.15,6.15,41886,540975.3,737535.8,24.75,90.41,19,254595
9,67195,3,4,1983,35.625,22.2,201.25,69.5,2.075,4.25,6.55,41886,540975.3,737535.8,24.75,90.41,19,265155
9,66680,3,4,1984,35.6,22.575,257.75,74.25,2.1,4.45,5.625,41886,540975.3,737535.8,24.75,90.41,19,212940
9,56801,3,4,1985,34.85,22.95,136.5,75.25,2.175,4.525,5.7,41886,540975.3,737535.8,24.75,90.41,19,183223
9,44959,3,4,1986,35.675,22.425,220,71.25,2.575,4.05,6.225,41886,540975.3,737535.8,24.75,90.41,19,163648
9,47730,3,4,1987,36.225,23.025,217,77.75,2.075,4.1,6.5,41886,540975.3,737535.8,24.75,90.41,19,210060
9,68305,3,4,1988,34.875,23.15,382.5,81,2.375,4.45,5.575,41886,540975.3,737535.8,24.75,90.41,19,451240
9,79710,3,4,1989,36.125,22.975,149.5,77.5,1.975,3.9,6.4,41886,540975.3,737535.8,24.75,90.41,19,294930
9,82510,3,4,1990,34.45,21.775,275.5,81.5,1.55,4.625,5.55,41886,540975.3,737535.8,24.75,90.41,19,322610
9,73170,3,4,1991,35.325,20.55,350.75,80.25,1.525,4.6,4.525,41886,540975.3,737535.8,24.75,90.41,19,264140
9,65330,3,4,1992,36.45,22.75,111.5,75.5,1.9,3.35,6.775,41886,540975.3,737535.8,24.75,90.41,19,257400
9,70810,3,4,1993,34.25,21.65,356,77.75,1.95,4.425,5.8,41886,540975.3,737535.8,24.75,90.41,19,262000
9,82000,3,4,1994,36.05,22.8,163.25,77.25,2.25,4.3,5.925,41886,540975.3,737535.8,24.75,90.41,19,321000
9,60200,3,4,1995,36.225,22.9,237.75,74.75,2.05,3.975,6.025,41886,540975.3,737535.8,24.75,90.41,19,226950
9,74770,3,4,1996,35.55,23.075,108,78.25,1.9,3.9,6.125,41886,540975.3,737535.8,24.75,90.41,19,282630
9,85860,3,4,1997,34.35,22,182.5,78.75,1.975,4.225,6.875,41886,540975.3,737535.8,24.75,90.41,19,334610
9,69490,3,4,1998,35.125,22.7,176,80.25,1.625,4.3,5.875,41886,540975.3,737535.8,24.75,90.41,19,270320
9,64770,3,4,1999,35.45,23.4,183.75,79,1.725,3.725,6.125,41886,540975.3,737535.8,24.75,90.41,19,254550
9,59070,3,4,2000,36.05,22.55,330.75,83,1.8,4.6,5.5,41886,540975.3,737535.8,24.75,90.41,19,241600
9,63140,3,4,2001,34.95,22.475,234.5,79,1.675,4.025,6.325,41886,540975.3,737535.8,24.75,90.41,19,263660
9,61460,3,4,2002,33.925,22.275,317,81.25,1.5,4.55,6.125,41886,540975.3,737535.8,24.75,90.41,19,263660
9,56470,3,4,2003,34.75,22.375,226,80.5,1.6,4.575,6.25,41886,540975.3,737535.8,24.75,90.41,19,254120
9,42390,3,4,2004,34.625,23.5,184,81.75,1.575,4.475,5.8,41886,540975.3,737535.8,24.75,90.41,19,188212
9,36090,3,4,2005,34.375,22.825,242.25,81.5,1.75,4.25,6.05,41886,540975.3,737535.8,24.75,90.41,19,145804
9,32650,3,4,2006,35.75,22.7,226.25,81.5,1.225,4.25,5.725,41886,540975.3,737535.8,24.75,90.41,19,137783
9,29460,3,4,2007,35.425,22.5,299.5,81.25,1.225,4.175,6.025,41886,540975.3,737535.8,24.75,90.41,19,120197
9,38815,3,4,2008,34.8,23.2,269,81.75,1.225,4.3,5.75,41886,540975.3,737535.8,24.75,90.41,19,157201
9,31994,3,4,2009,35.525,23.075,153,80.5,1.05,3.95,6.075,41886,540975.3,737535.8,24.75,90.41,19,139814
9,113489,3,4,2010,35.425,23.525,215,81.5,2.3,4.85,5.7,41886,540975.3,737535.8,24.75,90.41,19,491407
9,116500,3,4,2011,34.2,22.75,200,79.5,2.25,4.425,6.175,41886,540975.3,737535.8,24.75,90.41,19,483475
9,112236,3,4,2012,35.45,22.8,132.25,79,2.25,4.25,5.95,41886,540975.3,737535.8,24.75,90.41,19,460168
13,182310,3,4,1969,34.65,22.675,228.5,74.5,0.75,3.75,6.08428571428571,41886,540975.3,737535.8,24.75,90.41,19,521550
13,175680,3,4,1970,35.975,22.775,217.25,71.5,0.375,4.225,6.08428571428571,41886,540975.3,737535.8,24.75,90.41,19,558525
13,126790,3,4,1971,32.8,22.3,203.75,75.25,1.55,4.3,6.08428571428571,41886,540975.3,737535.8,24.75,90.41,19,264935
13,188610,3,4,1972,35.1,22.175,223.25,75.25,0.825,4.3,6.08428571428571,41886,540975.3,737535.8,24.75,90.41,19,478995
13,133785,3,4,1973,34.8,22.25,192.25,75.25,0.825,4.525,6.08428571428571,41886,540975.3,737535.8,24.75,90.41,19,284685
13,102155,3,4,1974,34.15,22.025,174.25,75.25,1.075,4.175,6.08428571428571,41886,540975.3,737535.8,24.75,90.41,19,222660
13,138510,3,4,1975,36.725,22.025,29.75,75.25,0.35,3.6,6.08428571428571,41886,540975.3,737535.8,24.75,90.41,19,438060
13,98970,3,4,1976,36.25,21.25,203,75.25,0.175,3.8,6.08428571428571,41886,540975.3,737535.8,24.75,90.41,19,238515
13,103830,3,4,1977,32.8,22.3,462.5,77.5,3.725,4.85,6.08428571428571,41886,540975.3,737535.8,24.75,90.41,19,205583
13,129485,3,4,1978,35.175,21.35,269.75,74.75,2.375,4.3,6.08428571428571,41886,540975.3,737535.8,24.75,90.41,19,271920
13,99335,3,4,1981,34.475,22.325,200.75,69.5,2.375,4.85,6.775,41886,540975.3,737535.8,24.75,90.41,19,317870
13,92355,3,4,1982,36.35,22.45,288.5,68.5,1.95,4.15,6.15,41886,540975.3,737535.8,24.75,90.41,19,309390
13,83270,3,4,1983,35.625,22.2,201.25,69.5,2.075,4.25,6.55,41886,540975.3,737535.8,24.75,90.41,19,308100
13,77355,3,4,1984,35.6,22.575,257.75,74.25,2.1,4.45,5.625,41886,540975.3,737535.8,24.75,90.41,19,235930
13,96640,3,4,1985,34.85,22.95,136.5,75.25,2.175,4.525,5.7,41886,540975.3,737535.8,24.75,90.41,19,306846
13,73258,3,4,1986,35.675,22.425,220,71.25,2.575,4.05,6.225,41886,540975.3,737535.8,24.75,90.41,19,241081
13,46475,3,4,1987,36.225,23.025,217,77.75,2.075,4.1,6.5,41886,540975.3,737535.8,24.75,90.41,19,168705
13,57840,3,4,1988,34.875,23.15,382.5,81,2.375,4.45,5.575,41886,540975.3,737535.8,24.75,90.41,19,257945
13,55180,3,4,1989,36.125,22.975,149.5,77.5,1.975,3.9,6.4,41886,540975.3,737535.8,24.75,90.41,19,194230
13,66190,3,4,1990,34.45,21.775,275.5,81.5,1.55,4.625,5.55,41886,540975.3,737535.8,24.75,90.41,19,248210
13,54410,3,4,1991,35.325,20.55,350.75,80.25,1.525,4.6,4.525,41886,540975.3,737535.8,24.75,90.41,19,193700
13,52740,3,4,1992,36.45,22.75,111.5,75.5,1.9,3.35,6.775,41886,540975.3,737535.8,24.75,90.41,19,198300
13,37410,3,4,1993,34.25,21.65,356,77.75,1.95,4.425,5.8,41886,540975.3,737535.8,24.75,90.41,19,124200
13,50000,3,4,1994,36.05,22.8,163.25,77.25,2.25,4.3,5.925,41886,540975.3,737535.8,24.75,90.41,19,185000
13,42880,3,4,1995,36.225,22.9,237.75,74.75,2.05,3.975,6.025,41886,540975.3,737535.8,24.75,90.41,19,152650
13,53130,3,4,1996,35.55,23.075,108,78.25,1.9,3.9,6.125,41886,540975.3,737535.8,24.75,90.41,19,199770
13,64710,3,4,1997,34.35,22,182.5,78.75,1.975,4.225,6.875,41886,540975.3,737535.8,24.75,90.41,19,246340
13,43230,3,4,1998,35.125,22.7,176,80.25,1.625,4.3,5.875,41886,540975.3,737535.8,24.75,90.41,19,156490
13,43760,3,4,1999,35.45,23.4,183.75,79,1.725,3.725,6.125,41886,540975.3,737535.8,24.75,90.41,19,170660
13,46270,3,4,2000,36.05,22.55,330.75,83,1.8,4.6,5.5,41886,540975.3,737535.8,24.75,90.41,19,190170
13,52460,3,4,2001,34.95,22.475,234.5,79,1.675,4.025,6.325,41886,540975.3,737535.8,24.75,90.41,19,169480
13,45560,3,4,2002,33.925,22.275,317,81.25,1.5,4.55,6.125,41886,540975.3,737535.8,24.75,90.41,19,169480
13,46420,3,4,2003,34.75,22.375,226,80.5,1.6,4.575,6.25,41886,540975.3,737535.8,24.75,90.41,19,183820
13,36340,3,4,2004,34.625,23.5,184,81.75,1.575,4.475,5.8,41886,540975.3,737535.8,24.75,90.41,19,141726
13,29070,3,4,2005,34.375,22.825,242.25,81.5,1.75,4.25,6.05,41886,540975.3,737535.8,24.75,90.41,19,123257
13,16905,3,4,2006,35.75,22.7,226.25,81.5,1.225,4.25,5.725,41886,540975.3,737535.8,24.75,90.41,19,75227
13,18150,3,4,2007,35.425,22.5,299.5,81.25,1.225,4.175,6.025,41886,540975.3,737535.8,24.75,90.41,19,81312
13,17400,3,4,2008,34.8,23.2,269,81.75,1.225,4.3,5.75,41886,540975.3,737535.8,24.75,90.41,19,79170
13,17019,3,4,2009,35.525,23.075,153,80.5,1.05,3.95,6.075,41886,540975.3,737535.8,24.75,90.41,19,73862
13,22690,3,4,2010,35.425,23.525,215,81.5,2.3,4.85,5.7,41886,540975.3,737535.8,24.75,90.41,19,97340
13,22352,3,4,2011,34.2,22.75,200,79.5,2.25,4.425,6.175,41886,540975.3,737535.8,24.75,90.41,19,91643
13,15463,3,4,2012,35.45,22.8,132.25,79,2.25,4.25,5.95,41886,540975.3,737535.8,24.75,90.41,19,66027
18,1240,3,4,1973,33.325,24.025,214.480769230769,81.474358974359,2.025,4.15,6.02068965517242,41960,534986.1,472575.7,22.36,90.34,3,2220
18,1130,3,4,1974,33.325,24.025,214.480769230769,81.474358974359,2.025,4.15,6.02068965517242,41960,534986.1,472575.7,22.36,90.34,3,1810
18,1105,3,4,1975,34.975,23.55,75,76,2.05,3.5,6.02068965517242,41960,534986.1,472575.7,22.36,90.34,3,1935
18,1250,3,4,1976,34.425,24.075,192.25,80.5,2.025,3.9,6.02068965517242,41960,534986.1,472575.7,22.36,90.34,3,1900
18,1200,3,4,1977,34.575,23.375,367.25,80.5,3.125,5.625,6.02068965517242,41960,534986.1,472575.7,22.36,90.34,3,1713
18,1055,3,4,1978,35.8,22.775,348,74.5,2.225,5.3,6.02068965517242,41960,534986.1,472575.7,22.36,90.34,3,1340
18,1095,3,4,1981,34.125,23.4,243.25,78.5,2.575,4.925,6.02068965517242,41960,534986.1,472575.7,22.36,90.34,3,1820
18,1080,3,4,1982,35.125,24.375,154.25,74.25,2.6,4.225,6.02068965517242,41960,534986.1,472575.7,22.36,90.34,3,1675
18,1125,3,4,1983,34.95,24.325,396,77.75,2.875,4.425,6.02068965517242,41960,534986.1,472575.7,22.36,90.34,3,1820
18,990,3,4,1984,35.85,24.35,239,78.25,3.55,4.2,6.02068965517242,41960,534986.1,472575.7,22.36,90.34,3,1535
18,666,3,4,1985,35.325,24.925,161.75,86,2.8,4.525,5.625,41960,534986.1,472575.7,22.36,90.34,3,1069
18,834,3,4,1986,36,24.05,68.75,82,2.325,3.625,5.6,41960,534986.1,472575.7,22.36,90.34,3,1439
18,1230,3,4,1987,36.55,24.625,16.25,79.75,2,3.525,6,41960,534986.1,472575.7,22.36,90.34,3,2090
18,1125,3,4,1988,35.3,24.325,259.75,83,2.475,4.3,4.475,41960,534986.1,472575.7,22.36,90.34,3,298565
18,980,3,4,1989,35.375,24.325,152.75,79.75,2.1,3.7,6.15,41960,534986.1,472575.7,22.36,90.34,3,1370
18,1160,3,4,1990,34.075,23.9,234.5,84.5,1.65,4.6,5.45,41960,534986.1,472575.7,22.36,90.34,3,1690
18,1530,3,4,1991,35.025,24.7,259.25,81.75,1.575,4.1,5.675,41960,534986.1,472575.7,22.36,90.34,3,2250
18,1710,3,4,1992,35.7,24.6,220,82.25,1.375,3.2,6.375,41960,534986.1,472575.7,22.36,90.34,3,2510
18,1850,3,4,1993,34.425,23.5,269.25,81.5,1.475,4.125,5.55,41960,534986.1,472575.7,22.36,90.34,3,2630
18,2000,3,4,1994,35.625,24.45,296.75,81.75,1.225,4.2,5.525,41960,534986.1,472575.7,22.36,90.34,3,3000
18,1990,3,4,1995,36.075,24.425,277.5,80.5,1.675,3.85,5.95,41960,534986.1,472575.7,22.36,90.34,3,2840
18,1860,3,4,1996,35.85,24.375,299.5,84.25,2.275,3,5.1,41960,534986.1,472575.7,22.36,90.34,3,3220
18,2020,3,4,1997,34.725,23.075,218.75,83.75,1.4,4.3,5.575,41960,534986.1,472575.7,22.36,90.34,3,3680
18,1860,3,4,1998,35.025,23.875,182.75,81.75,1.75,4.2,5.775,41960,534986.1,472575.7,22.36,90.34,3,3660
18,910,3,4,1999,36.825,24.525,204.75,81,1.45,4,5.3,41960,534986.1,472575.7,22.36,90.34,3,1740
18,280,3,4,2000,35.65,24.025,160.5,83,1.65,4.675,5.675,41960,534986.1,472575.7,22.36,90.34,3,500
18,260,3,4,2001,36.25,23.725,381.75,83.25,1.325,4.375,5.625,41960,534986.1,472575.7,22.36,90.34,3,250
18,200,3,4,2002,35.95,23.625,274.75,83.25,1.325,4.425,5.8,41960,534986.1,472575.7,22.36,90.34,3,250
18,290,3,4,2003,35.875,23.8,346,85.25,1.125,4.425,5.925,41960,534986.1,472575.7,22.36,90.34,3,410
18,227,3,4,2004,36.125,24.475,153.75,87,1.175,4.325,6.475,41960,534986.1,472575.7,22.36,90.34,3,313
18,0,3,4,2005,36.475,24.6,128.25,83.25,0.775,4.125,7.325,41960,534986.1,472575.7,22.36,90.34,3,0
18,0,3,4,2006,36.875,24.475,220,81,0.75,4,6.7,41960,534986.1,472575.7,22.36,90.34,3,0
18,60,3,4,2007,36.15,23.85,154.75,82,1.05,3.725,6.925,41960,534986.1,472575.7,22.36,90.34,3,276
18,0,3,4,2008,36.175,24.25,85.75,82,0.9,4,6.5,41960,534986.1,472575.7,22.36,90.34,3,0
18,0,3,4,2009,36.9,24.875,133.25,80.75,2.25,3.6,7.45,41960,534986.1,472575.7,22.36,90.34,3,0
18,0,3,4,2010,37.475,25.5,185,86.25,2.425,4.475,6.475,41960,534986.1,472575.7,22.36,90.34,3,0
18,0,3,4,2011,36.425,23.8,227.75,81.75,2.25,4.15,6.625,41960,534986.1,472575.7,22.36,90.34,3,0
18,0,3,4,2012,36.625,24.85,123.5,82.5,1.95,3.625,6.55,41960,534986.1,472575.7,22.36,90.34,3,0
19,118420,3,4,1969,35.675,22.675,140.75,67.5,1.25,3.35,7.33857142857143,41895,353944.9,693386.6,24.35,88.56,20,275560
19,69935,3,4,1970,35.675,22.675,126.25,65.5,1.05,3.875,7.33857142857143,41895,353944.9,693386.6,24.35,88.56,20,179900
19,66875,3,4,1971,35.5,22.5,105.5,68.75,1.575,3.725,7.33857142857143,41895,353944.9,693386.6,24.35,88.56,20,138360
19,74320,3,4,1972,37.55,23.75,78.75,62.25,1.425,2.325,7.33857142857143,41895,353944.9,693386.6,24.35,88.56,20,208940
19,89430,3,4,1973,37,22.65,180.75,70.25,1.275,4.225,7.33857142857143,41895,353944.9,693386.6,24.35,88.56,20,247610
19,44200,3,4,1974,37.475,23.2,91.25,67.75,0.925,2.95,7.33857142857143,41895,353944.9,693386.6,24.35,88.56,20,107185
19,41715,3,4,1975,37.425,23.525,61.75,62.25,1.1,2.6,7.33857142857143,41895,353944.9,693386.6,24.35,88.56,20,26820
19,52455,3,4,1976,37.025,23.125,120.75,63,0.65,2.775,7.33857142857143,41895,353944.9,693386.6,24.35,88.56,20,150595
19,63185,3,4,1977,37.275,22.325,253.25,73.75,1.25,3.725,7.33857142857143,41895,353944.9,693386.6,24.35,88.56,20,186289
19,64315,3,4,1978,36.275,21.9,187.75,71.5,2.1,3.575,7.33857142857143,41895,353944.9,693386.6,24.35,88.56,20,181982
19,29160,3,4,1981,39.325,22,178.75,74.25,1.5,3.525,7.8,41895,353944.9,693386.6,24.35,88.56,20,100290
19,39610,3,4,1982,37.5,22.6,130.5,71,1.85,2.85,7.625,41895,353944.9,693386.6,24.35,88.56,20,142410
19,47710,3,4,1983,39.325,22,56,66,4.15,3.05,7.85,41895,353944.9,693386.6,24.35,88.56,20,162130
19,63170,3,4,1984,39.875,22.825,107.25,68.5,3.05,3.15,6.825,41895,353944.9,693386.6,24.35,88.56,20,189510
19,93491,3,4,1985,39,22.75,124,70,2.65,3.175,7.625,41895,353944.9,693386.6,24.35,88.56,20,299361
19,75616,3,4,1986,40.825,21.875,92,68.5,2.45,3,7.6,41895,353944.9,693386.6,24.35,88.56,20,252610
19,57700,3,4,1987,40.55,22.625,104.5,67.25,2.15,3.075,7.65,41895,353944.9,693386.6,24.35,88.56,20,183145
19,62055,3,4,1988,39.375,22.2,160.5,73.5,2.35,3.85,7.1,41895,353944.9,693386.6,24.35,88.56,20,189885
19,55550,3,4,1989,40.075,21.925,105.25,66.25,2.15,3.05,7.375,41895,353944.9,693386.6,24.35,88.56,20,166650
19,56170,3,4,1990,37.05,21.7,176.75,78.5,2,4.075,6.9,41895,353944.9,693386.6,24.35,88.56,20,180310
19,48040,3,4,1991,38.575,22.55,101.5,73.25,1.875,3.775,6.75,41895,353944.9,693386.6,24.35,88.56,20,166700
19,37110,3,4,1992,40.6,22.25,54.75,64.75,2.05,2.525,8.15,41895,353944.9,693386.6,24.35,88.56,20,132850
19,44620,3,4,1993,38.425,21.5,167,71.5,1.825,3.9,6.875,41895,353944.9,693386.6,24.35,88.56,20,158400
19,43000,3,4,1994,39.625,23.05,97,71.5,1.5,3.5,7.375,41895,353944.9,693386.6,24.35,88.56,20,154000
19,28590,3,4,1995,40.975,23.35,99.75,68.25,1.15,3.525,6.7,41895,353944.9,693386.6,24.35,88.56,20,99490
19,41430,3,4,1996,39.525,23.075,114,71,1.1,3.275,7.65,41895,353944.9,693386.6,24.35,88.56,20,145010
19,42340,3,4,1997,38.125,22.225,92.5,72.75,1.35,3.725,8.175,41895,353944.9,693386.6,24.35,88.56,20,150740
19,40440,3,4,1998,39.675,22.675,76.5,75.25,1.3,4.025,7.5,41895,353944.9,693386.6,24.35,88.56,20,140730
19,37050,3,4,1999,40,23.675,125.25,72.75,1.325,3.225,7.5,41895,353944.9,693386.6,24.35,88.56,20,130420
19,36300,3,4,2000,37.5,22.725,145.75,77,1.225,3.775,6.525,41895,353944.9,693386.6,24.35,88.56,20,134670
19,35420,3,4,2001,37.525,22.45,133.75,73.5,1.25,3.75,7.275,41895,353944.9,693386.6,24.35,88.56,20,153510
19,36990,3,4,2002,37.55,22.725,133.5,77.5,1.45,4.15,7.45,41895,353944.9,693386.6,24.35,88.56,20,153510
19,35990,3,4,2003,39.025,22.975,118.25,74.5,1.275,3.525,7.35,41895,353944.9,693386.6,24.35,88.56,20,145400
19,8411,3,4,2004,39.825,23.525,165,72.5,1.35,3.675,7.05,41895,353944.9,693386.6,24.35,88.56,20,43064
19,9296,3,4,2005,39.3,23.425,82.75,73.25,1.15,3.775,7.075,41895,353944.9,693386.6,24.35,88.56,20,54289
19,9365,3,4,2006,38.775,23.025,105,72.75,1.05,3.95,6.9,41895,353944.9,693386.6,24.35,88.56,20,54223
19,13580,3,4,2007,39.2,22.825,161.25,73.75,0.925,3.45,7.175,41895,353944.9,693386.6,24.35,88.56,20,68579
19,14050,3,4,2008,38.05,23.275,105.25,74.25,1,3.4,7.1,41895,353944.9,693386.6,24.35,88.56,20,75870
19,14149,3,4,2009,39.5,23.225,71.25,69.5,2.225,3.1,7.675,41895,353944.9,693386.6,24.35,88.56,20,77254
19,24953,3,4,2010,40.45,24.25,81.25,71,2.35,3.425,6.85,41895,353944.9,693386.6,24.35,88.56,20,134746
19,26320,3,4,2011,37.625,22.65,158,76,2.225,3.225,7.075,41895,353944.9,693386.6,24.35,88.56,20,153972
19,22680,3,4,2012,40.775,23.3,70.75,68.75,2.025,2.775,7.2,41895,353944.9,693386.6,24.35,88.56,20,119524
20,425,3,4,1981,34.175,22.95,236,75,1.6,4.4,6.62314814814815,41966,725903.3,508021.9,22.67,92.2,63,970
20,250,3,4,1982,36.625,23.575,170,74.75,2.15,4.2,6.62314814814815,41966,725903.3,508021.9,22.67,92.2,63,530
20,250,3,4,1983,34.8,23.825,249.25,74,1.5,4.075,6.62314814814815,41966,725903.3,508021.9,22.67,92.2,63,585
20,135,3,4,1984,35.5,20.575,280.5,73.25,1.425,3.7,6.62314814814815,41966,725903.3,508021.9,22.67,92.2,63,310
20,289,3,4,1985,35.325,23.375,186.75,75.75,1.2,4.075,6.62314814814815,41966,725903.3,508021.9,22.67,92.2,63,696
20,74,3,4,1986,36.9,22.35,164.5,70.75,1.1,3.45,6.62314814814815,41966,725903.3,508021.9,22.67,92.2,63,191
20,155,3,4,1987,35.3,22.825,260.25,76,0.925,3.3,6.475,41966,725903.3,508021.9,22.67,92.2,63,380
20,125,3,4,1988,35.05,23.175,343.75,76,0.925,3.525,5.825,41966,725903.3,508021.9,22.67,92.2,63,250
20,2700,3,4,1989,36.025,23.3,153.5,71.25,1.175,3.25,6.225,41966,725903.3,508021.9,22.67,92.2,63,6590
20,2700,3,4,1990,34.9,22.175,228.75,78,1.05,4.15,6.325,41966,725903.3,508021.9,22.67,92.2,63,6590
20,70,3,4,1991,35.25,22.675,323.5,76.5,1.25,4,6.075,41966,725903.3,508021.9,22.67,92.2,63,230
20,110,3,4,1992,36.775,23.25,150,75.25,1.15,3.125,7.225,41966,725903.3,508021.9,22.67,92.2,63,440
20,120,3,4,1993,34.575,20.45,399.5,76.5,1.1,3.85,6.575,41966,725903.3,508021.9,22.67,92.2,63,460
20,100,3,4,1994,36.55,22.75,224,75.75,1.075,4.025,6.55,41966,725903.3,508021.9,22.67,92.2,63,500
20,200,3,4,1995,38.025,23.325,225,72,1.325,3.725,7.175,41966,725903.3,508021.9,22.67,92.2,63,850
20,330,3,4,1996,35.6,22.9,249,78,1.425,4.05,7.4,41966,725903.3,508021.9,22.67,92.2,63,1540
20,440,3,4,1997,35.575,21.7,250.25,78.75,1.05,4.075,6.725,41966,725903.3,508021.9,22.67,92.2,63,2260
20,280,3,4,1998,35.3,22.425,311.5,78,0.95,4.25,7.175,41966,725903.3,508021.9,22.67,92.2,63,1410
20,70,3,4,1999,37.3,23.575,305.5,76.5,1.575,4.3,6.8,41966,725903.3,508021.9,22.67,92.2,63,340
20,70,3,4,2000,35.55,22.425,346.25,80.25,1.175,4.35,6.075,41966,725903.3,508021.9,22.67,92.2,63,340
20,30,3,4,2001,36.425,22.5,221.5,73,0.925,3.5,6.7,41966,725903.3,508021.9,22.67,92.2,63,160
20,30,3,4,2002,36.35,22.1,229.5,77.5,0.725,3.525,6.8,41966,725903.3,508021.9,22.67,92.2,63,160
20,30,3,4,2003,36.825,22.3,369.25,76.25,0.725,3.6,6.4,41966,725903.3,508021.9,22.67,92.2,63,130
20,0,3,4,2012,36.825,22.7,349,76.75,2.125,3.725,6.5,41966,725903.3,508021.9,22.67,92.2,63,0
11,0,3,4,1981,34.175,22.95,236,75,1.6,4.4,6.62314814814815,41966,725903.3,508021.9,22.67,92.2,63,0
11,0,3,4,1982,36.625,23.575,170,74.75,2.15,4.2,6.62314814814815,41966,725903.3,508021.9,22.67,92.2,63,0
11,0,3,4,1983,34.8,23.825,249.25,74,1.5,4.075,6.62314814814815,41966,725903.3,508021.9,22.67,92.2,63,0
11,145,3,4,1984,35.5,20.575,280.5,73.25,1.425,3.7,6.62314814814815,41966,725903.3,508021.9,22.67,92.2,63,300
11,105,3,4,1985,35.325,23.375,186.75,75.75,1.2,4.075,6.62314814814815,41966,725903.3,508021.9,22.67,92.2,63,190
11,0,3,4,1986,36.9,22.35,164.5,70.75,1.1,3.45,6.62314814814815,41966,725903.3,508021.9,22.67,92.2,63,0
11,0,3,4,1987,35.3,22.825,260.25,76,0.925,3.3,6.475,41966,725903.3,508021.9,22.67,92.2,63,0
11,0,3,4,1988,35.05,23.175,343.75,76,0.925,3.525,5.825,41966,725903.3,508021.9,22.67,92.2,63,0
11,0,3,4,1989,36.025,23.3,153.5,71.25,1.175,3.25,6.225,41966,725903.3,508021.9,22.67,92.2,63,0
11,0,3,4,1990,34.9,22.175,228.75,78,1.05,4.15,6.325,41966,725903.3,508021.9,22.67,92.2,63,0
11,0,3,4,1991,35.25,22.675,323.5,76.5,1.25,4,6.075,41966,725903.3,508021.9,22.67,92.2,63,0
11,0,3,4,1992,36.775,23.25,150,75.25,1.15,3.125,7.225,41966,725903.3,508021.9,22.67,92.2,63,0
11,0,3,4,1993,34.575,20.45,399.5,76.5,1.1,3.85,6.575,41966,725903.3,508021.9,22.67,92.2,63,0
11,0,3,4,1994,36.55,22.75,224,75.75,1.075,4.025,6.55,41966,725903.3,508021.9,22.67,92.2,63,0
11,0,3,4,1995,38.025,23.325,225,72,1.325,3.725,7.175,41966,725903.3,508021.9,22.67,92.2,63,0
11,0,3,4,1996,35.6,22.9,249,78,1.425,4.05,7.4,41966,725903.3,508021.9,22.67,92.2,63,0
11,0,3,4,1997,35.575,21.7,250.25,78.75,1.05,4.075,6.725,41966,725903.3,508021.9,22.67,92.2,63,0
11,0,3,4,1998,35.3,22.425,311.5,78,0.95,4.25,7.175,41966,725903.3,508021.9,22.67,92.2,63,0
11,0,3,4,1999,37.3,23.575,305.5,76.5,1.575,4.3,6.8,41966,725903.3,508021.9,22.67,92.2,63,0
11,0,3,4,2000,35.55,22.425,346.25,80.25,1.175,4.35,6.075,41966,725903.3,508021.9,22.67,92.2,63,0
11,0,3,4,2001,36.425,22.5,221.5,73,0.925,3.5,6.7,41966,725903.3,508021.9,22.67,92.2,63,0
11,0,3,4,2002,36.35,22.1,229.5,77.5,0.725,3.525,6.8,41966,725903.3,508021.9,22.67,92.2,63,0
11,0,3,4,2003,36.825,22.3,369.25,76.25,0.725,3.6,6.4,41966,725903.3,508021.9,22.67,92.2,63,0
11,0,3,4,2012,36.825,22.7,349,76.75,2.125,3.725,6.5,41966,725903.3,508021.9,22.67,92.2,63,0
21,357260,3,4,1969,36.775,18.25,211.25,77,0.7,2.925,6.63857142857143,41859,426172.9,844822.3,25.72,89.26,34,992865
21,388695,3,4,1970,37.4,20.325,183.25,79.25,1.2,3.325,6.63857142857143,41859,426172.9,844822.3,25.72,89.26,34,1255935
21,308640,3,4,1971,33.45,21.225,31.75,75.75,1.35,3.575,6.63857142857143,41859,426172.9,844822.3,25.72,89.26,34,761010
21,393075,3,4,1972,38.45,14.275,105.75,80.5,1.05,2.975,6.63857142857143,41859,426172.9,844822.3,25.72,89.26,34,1108195
21,390030,3,4,1973,33.1,21.225,291.75,84,0.975,3.375,6.63857142857143,41859,426172.9,844822.3,25.72,89.26,34,1109665
21,257070,3,4,1974,33.1,21.225,189.25,75.75,1.475,3.55,6.63857142857143,41859,426172.9,844822.3,25.72,89.26,34,568795
21,283565,3,4,1975,33.1,21.225,177.5,85.25,0.725,3.275,6.63857142857143,41859,426172.9,844822.3,25.72,89.26,34,796305
21,322825,3,4,1976,33.1,21.225,186.75,88,0.825,3.25,6.63857142857143,41859,426172.9,844822.3,25.72,89.26,34,966725
21,334025,3,4,1977,33.1,21.225,256.75,75.75,0.925,4.125,6.63857142857143,41859,426172.9,844822.3,25.72,89.26,34,1042640
21,370100,3,4,1978,35.525,21.775,210.25,67.75,1.3,3.725,6.63857142857143,41859,426172.9,844822.3,25.72,89.26,34,1250675
21,272740,3,4,1981,34.7,21.25,182.75,75.75,1.1,3.7,8.05,41859,426172.9,844822.3,25.72,89.26,34,948240
21,269615,3,4,1982,35.85,21.55,213.25,72,1.475,3.575,7.575,41859,426172.9,844822.3,25.72,89.26,34,988000
21,275325,3,4,1983,36.25,20.725,172.5,71,1.15,3.575,7.225,41859,426172.9,844822.3,25.72,89.26,34,1029050
21,360360,3,4,1984,36.4,21.6,416.75,75.25,1.8,3.625,6.625,41859,426172.9,844822.3,25.72,89.26,34,1113100
21,326481,3,4,1985,35.825,21.8,300.5,75.5,1.925,3.75,6.2,41859,426172.9,844822.3,25.72,89.26,34,1028664
21,297560,3,4,1986,37.025,20.55,189,73,1.875,3.525,6.575,41859,426172.9,844822.3,25.72,89.26,34,1065277
21,260045,3,4,1987,36.975,21.825,195.25,79.75,1.925,3.775,7.275,41859,426172.9,844822.3,25.72,89.26,34,926255
21,266230,3,4,1988,35.8,22.225,214,78.5,2.3,3.725,6.825,41859,426172.9,844822.3,25.72,89.26,34,905215
21,284170,3,4,1989,37.125,21.525,139,73,2.375,3.275,6.825,41859,426172.9,844822.3,25.72,89.26,34,877930
21,319530,3,4,1990,34.8,21.575,240.75,80.25,2,4.425,6.25,41859,426172.9,844822.3,25.72,89.26,34,1166280
21,323640,3,4,1991,35.525,21.55,215.5,78.25,1.95,4.425,5.2,41859,426172.9,844822.3,25.72,89.26,34,1126370
21,283200,3,4,1992,36.55,21.525,170.5,73.25,2,3.625,7.325,41859,426172.9,844822.3,25.72,89.26,34,1062000
21,231710,3,4,1993,34.675,20.775,231.25,79.75,1.55,4.1,6.675,41859,426172.9,844822.3,25.72,89.26,34,824890
21,276000,3,4,1994,36.25,22,179,74,2.175,3.85,7.075,41859,426172.9,844822.3,25.72,89.26,34,1038000
21,233820,3,4,1995,36.925,22.05,133,73.25,1.85,3.925,6.525,41859,426172.9,844822.3,25.72,89.26,34,750560
21,241690,3,4,1996,36.375,21.8,166.75,76,1.65,3.625,7.525,41859,426172.9,844822.3,25.72,89.26,34,862830
21,248140,3,4,1997,34.975,21.15,155.5,78.75,1.5,3.9,7.7,41859,426172.9,844822.3,25.72,89.26,34,952580
21,246030,3,4,1998,35.975,21.85,189.5,80.5,1.3,4.125,7.125,41859,426172.9,844822.3,25.72,89.26,34,880790
21,220360,3,4,1999,35.775,22.525,254.5,79.75,1.325,3.95,6.425,41859,426172.9,844822.3,25.72,89.26,34,835160
21,279850,3,4,2000,35.75,21.825,285,79,1.7,4.325,6.025,41859,426172.9,844822.3,25.72,89.26,34,1147380
21,268800,3,4,2001,35.425,21.725,194.25,75.5,1.425,3.625,7.125,41859,426172.9,844822.3,25.72,89.26,34,881010
21,226480,3,4,2002,34.675,21.825,335.25,80.75,1.575,4.725,6.35,41859,426172.9,844822.3,25.72,89.26,34,881010
21,185800,3,4,2003,35.45,21.725,246.25,79.75,1.525,4.775,6.075,41859,426172.9,844822.3,25.72,89.26,34,804510
21,44430,3,4,2004,35.2,22.525,233.5,80.25,1.65,4.6,5.85,41859,426172.9,844822.3,25.72,89.26,34,177276
21,34092,3,4,2005,34.8,21.975,213.25,80.5,1.675,4.625,6.15,41859,426172.9,844822.3,25.72,89.26,34,162960
21,24520,3,4,2006,35.425,21.95,231.5,77.5,1.375,4.025,6.35,41859,426172.9,844822.3,25.72,89.26,34,116960
21,20420,3,4,2007,35.925,22.225,214,77.25,1.1,3.925,6.725,41859,426172.9,844822.3,25.72,89.26,34,97608
21,16140,3,4,2008,34.6,22.275,210,79.25,1.275,4.4,6.3,41859,426172.9,844822.3,25.72,89.26,34,81184
21,14473,3,4,2009,36.225,22.275,193.25,76.5,2.9,3.825,6,41859,426172.9,844822.3,25.72,89.26,34,67878
21,20705,3,4,2010,36.025,22.6,264,78.5,2.825,4.875,4.825,41859,426172.9,844822.3,25.72,89.26,34,104353
21,24700,3,4,2011,35.375,22.025,152,77.25,2.475,4.825,6.675,41859,426172.9,844822.3,25.72,89.26,34,126464
21,23340,3,4,2012,36,21.95,193.5,74.25,2.475,4.225,6.9,41859,426172.9,844822.3,25.72,89.26,34,118567
23,22195,3,4,1969,34.25,21.55,431.5,76.75,1.925,4.825,6.825,41891,694533.2,752277.9,24.88,91.93,35,68130
22,28480,3,4,1970,34.425,21.825,583,77.75,1.625,4.825,7.175,41891,694533.2,752277.9,24.88,91.93,35,95915
22,23150,3,4,1971,33.675,21.6,399,77,1.65,5.025,5.875,41891,694533.2,752277.9,24.88,91.93,35,56950
22,21055,3,4,1972,34.275,20.775,442,76.75,1.7,5.275,6.775,41891,694533.2,752277.9,24.88,91.93,35,50530
22,15680,3,4,1973,31.75,21.55,438.25,77,1.55,5.05,5.925,41891,694533.2,752277.9,24.88,91.93,35,27970
22,15140,3,4,1974,34.025,21.425,499,78,1.025,5.325,7.125,41891,694533.2,752277.9,24.88,91.93,35,46175
22,13335,3,4,1975,34.275,21.5,418.5,77,1.275,4.65,7.8,41891,694533.2,752277.9,24.88,91.93,35,27285
22,12220,3,4,1976,33.975,21.55,503,79.25,0.875,4.925,6.85,41891,694533.2,752277.9,24.88,91.93,35,24320
22,5200,3,4,1977,32.975,21.25,516.5,81.5,1.1,5.775,5.125,41891,694533.2,752277.9,24.88,91.93,35,5200
22,8015,3,4,1978,35.05,21.025,477.5,75,1.275,5.175,6.6,41891,694533.2,752277.9,24.88,91.93,35,16030
22,8885,3,4,1981,34.075,21.375,470,77.25,1.225,4.975,6.7,41891,694533.2,752277.9,24.88,91.93,35,28875
22,7085,3,4,1982,35.55,21.375,547.75,77.5,1.4,4.575,6.5,41891,694533.2,752277.9,24.88,91.93,35,16650
22,5380,3,4,1983,33.975,21.65,533.5,79,1.125,5.025,6.45,41891,694533.2,752277.9,24.88,91.93,35,11515
22,4810,3,4,1984,36.2,21.675,461.5,74.75,1.2,4.925,5.975,41891,694533.2,752277.9,24.88,91.93,35,10100
22,10757,3,4,1985,34.425,22.05,550,81.5,1.375,5.6,6.15,41891,694533.2,752277.9,24.88,91.93,35,28968
22,6218,3,4,1986,35.675,20.425,260,73.5,1.7,4.475,6.45,41891,694533.2,752277.9,24.88,91.93,35,17486
22,2830,3,4,1987,34.6,21.65,466.25,79,1.925,5.275,5.65,41891,694533.2,752277.9,24.88,91.93,35,8715
22,965,3,4,1988,35.275,21.6,633.5,79.5,1.75,5.05,5.675,41891,694533.2,752277.9,24.88,91.93,35,2510
22,2940,3,4,1989,35.525,22.025,459.25,75.25,1.475,4.625,6.225,41891,694533.2,752277.9,24.88,91.93,35,8080
22,2380,3,4,1990,34.775,21.35,456.75,79.75,1.625,5.55,4.8,41891,694533.2,752277.9,24.88,91.93,35,7730
22,1070,3,4,1991,34.15,21.25,684.75,80.75,1.575,5.65,4.35,41891,694533.2,752277.9,24.88,91.93,35,3570
22,1560,3,4,1992,34.85,20.8,380.5,78.75,1.3,4.875,5.925,41891,694533.2,752277.9,24.88,91.93,35,5270
22,1510,3,4,1993,34.4,20.925,500,79.25,1.55,5.125,5.325,41891,694533.2,752277.9,24.88,91.93,35,5570
22,2000,3,4,1994,34.4,21.8,438.5,78,1.675,5.4,5.525,41891,694533.2,752277.9,24.88,91.93,35,8000
22,2280,3,4,1995,36.525,22.075,378.75,75,1.375,5.225,6.1,41891,694533.2,752277.9,24.88,91.93,35,7750
22,1950,3,4,1996,35.475,22.25,445.75,81,1.425,5.35,5.75,41891,694533.2,752277.9,24.88,91.93,35,6840
22,2090,3,4,1997,35.075,21.175,356,78,1.6,5.375,6.075,41891,694533.2,752277.9,24.88,91.93,35,7540
22,1520,3,4,1998,34.575,21.75,502.75,80,1.475,5.45,5.6,41891,694533.2,752277.9,24.88,91.93,35,4230
22,1790,3,4,1999,36.675,22.725,364.75,77.75,1.35,4.8,6,41891,694533.2,752277.9,24.88,91.93,35,6250
22,1820,3,4,2000,34.85,21.825,557,82.5,1.825,5.45,5.1,41891,694533.2,752277.9,24.88,91.93,35,6150
22,1410,3,4,2001,36.125,22.425,357.25,76.75,1.825,4.725,6.275,41891,694533.2,752277.9,24.88,91.93,35,3720
22,1200,3,4,2002,35.575,21.675,440.5,80,1.925,5.225,5.575,41891,694533.2,752277.9,24.88,91.93,35,3720
22,4170,3,4,2003,35.025,21.9,469.5,77.5,1.75,5.125,5.475,41891,694533.2,752277.9,24.88,91.93,35,13510
22,94,3,4,2004,35.325,22.825,396.5,77.25,2.025,5.125,5.075,41891,694533.2,752277.9,24.88,91.93,35,281
22,95,3,4,2005,34.75,22.025,483.25,78.75,1.9,5.275,5.375,41891,694533.2,752277.9,24.88,91.93,35,288
22,85,3,4,2006,36.375,22.375,557.25,75,1.725,4.525,6.325,41891,694533.2,752277.9,24.88,91.93,35,264
22,85,3,4,2007,36.05,21.9,515,76,1.775,4.775,5.85,41891,694533.2,752277.9,24.88,91.93,35,281
22,0,3,4,2008,35.475,22.475,369,77.5,1.675,5.1,6.025,41891,694533.2,752277.9,24.88,91.93,35,0
22,0,3,4,2009,35.725,22.65,383.75,74.25,3.8,5.025,6.475,41891,694533.2,752277.9,24.88,91.93,35,0
22,0,3,4,2010,35.5,22.475,656.25,78.25,3.475,5.875,4.825,41891,694533.2,752277.9,24.88,91.93,35,0
22,0,3,4,2011,35.6,22.5,289.5,75,3.45,5.1,5.775,41891,694533.2,752277.9,24.88,91.93,35,0
22,0,3,4,2012,36.425,22.225,587.75,76.5,3.3,5.275,5.25,41891,694533.2,752277.9,24.88,91.93,35,0
23,71990,3,4,1987,37.175,22.425,143.25,74.75,2.25,3.7,6.55,41909,491982.91,683166,24.15,89.55,10,261295
23,32045,3,4,1988,36.7,22.9,262.75,76.25,2.4,4.125,6.05,41909,491982.91,683166,24.15,89.55,10,223645
23,97870,3,4,1989,37.425,22.975,145.5,73.75,1.9,2.675,6.75,41909,491982.91,683166,24.15,89.55,10,313180
23,98710,3,4,1990,34.55,22.4,167.5,80.25,1.9,4.025,5.975,41909,491982.91,683166,24.15,89.55,10,334630
23,104450,3,4,1991,36.175,22.475,237.25,77.75,2.1,3.85,5.575,41909,491982.91,683166,24.15,89.55,10,359310
23,97890,3,4,1992,37.6,22.85,131,72.75,1.825,2.875,6.975,41909,491982.91,683166,24.15,89.55,10,379810
23,84710,3,4,1993,35.475,21.75,273.75,78,1.65,4.075,6.5,41909,491982.91,683166,24.15,89.55,10,275310
23,105000,3,4,1994,36.875,22.7,247.5,79,1.65,3.75,6.4,41909,491982.91,683166,24.15,89.55,10,389000
23,73500,3,4,1995,38.15,23.175,152,75.5,1.55,3.75,6.35,41909,491982.91,683166,24.15,89.55,10,269010
23,81630,3,4,1996,36.625,23.1,160,77.25,1.45,3.175,7.425,41909,491982.91,683166,24.15,89.55,10,314280
23,82520,3,4,1997,35.65,22.05,173.5,79.25,1.35,4.275,6.65,41909,491982.91,683166,24.15,89.55,10,314130
23,73480,3,4,1998,36.75,22.45,187,79.75,1.625,4.45,6.75,41909,491982.91,683166,24.15,89.55,10,257180
23,65260,3,4,1999,36.85,23.575,103.25,77.75,1.55,3.825,6.875,41909,491982.91,683166,24.15,89.55,10,262350
23,62040,3,4,2000,36.05,22.65,243.5,79.25,1.275,4.375,6.475,41909,491982.91,683166,24.15,89.55,10,253740
23,64670,3,4,2001,34.3,22.675,209.75,76.5,1.15,4.2,6.95,41909,491982.91,683166,24.15,89.55,10,226040
23,57960,3,4,2002,35.45,22.475,197.75,79,1.05,4.175,6.425,41909,491982.91,683166,24.15,89.55,10,226040
23,50730,3,4,2003,36.475,22.55,224.75,78.75,0.95,3.95,6.975,41909,491982.91,683166,24.15,89.55,10,195310
23,55858,3,4,2012,37.375,23.175,131.25,74.5,2.775,3.175,6.825,41909,491982.91,683166,24.15,89.55,10,219522
16,39530,3,4,1969,34.875,23.725,349.75,78.75,1.125,4.275,6.50775862068966,41953,610851.8,524433.6,22.83,91.08,6,111860
16,29820,3,4,1970,34.475,23.675,230.75,82.25,1.025,4.15,6.50775862068966,41953,610851.8,524433.6,22.83,91.08,6,100790
16,21500,3,4,1971,34.075,22.775,261.75,79.25,1.025,3.675,6.50775862068966,41953,610851.8,524433.6,22.83,91.08,6,55040
16,20720,3,4,1972,34.825,22.3,167.25,75.25,1.75,3.425,6.50775862068966,41953,610851.8,524433.6,22.83,91.08,6,61330
16,16650,3,4,1973,34.15,23.5,275.25,84.25,1.325,3.3,6.50775862068966,41953,610851.8,524433.6,22.83,91.08,6,49280
16,11820,3,4,1974,33.8,23.125,268.5,83.75,1.575,3.525,6.50775862068966,41953,610851.8,524433.6,22.83,91.08,6,25530
16,10870,3,4,1975,35.25,23.375,206,81,1.225,3.075,6.50775862068966,41953,610851.8,524433.6,22.83,91.08,6,31910
16,13035,3,4,1976,32.45,23.425,206,79.25,1.45,3.8,6.50775862068966,41953,610851.8,524433.6,22.83,91.08,6,35715
16,9500,3,4,1977,32.45,23.425,261.5,79.25,1.45,3.8,6.50775862068966,41953,610851.8,524433.6,22.83,91.08,6,20710
16,19040,3,4,1978,34.65,21.9,261.5,79.25,1.6,4.45,6.50775862068966,41953,610851.8,524433.6,22.83,91.08,6,57120
16,5935,3,4,1981,33.4,22.8,339.75,80,1.075,3.05,6.50775862068966,41953,610851.8,524433.6,22.83,91.08,6,19405
16,3980,3,4,1982,35.2,22.2,287,73,1,3.45,6.50775862068966,41953,610851.8,524433.6,22.83,91.08,6,12735
16,3980,3,4,1983,34.4,22.8,304,78,1.4,4.025,6.50775862068966,41953,610851.8,524433.6,22.83,91.08,6,10745
16,3700,3,4,1984,35.275,22.225,403.5,79.25,1.75,3.925,6.50775862068966,41953,610851.8,524433.6,22.83,91.08,6,9990
16,3569,3,4,1985,35.025,23.75,248,81,1.9,3.875,6.55,41953,610851.8,524433.6,22.83,91.08,6,9971
16,2317,3,4,1986,35.625,23.05,292,79.5,1.525,3.525,7.1,41953,610851.8,524433.6,22.83,91.08,6,5453
16,3060,3,4,1987,35.75,23.55,232.75,79.5,1.75,3.775,7.125,41953,610851.8,524433.6,22.83,91.08,6,6760
16,4320,3,4,1988,34.875,23.525,298.75,81.75,1.475,4.025,6.65,41953,610851.8,524433.6,22.83,91.08,6,7980
16,3180,3,4,1989,36.05,23.8,162.75,78.25,1.15,3.5,6.975,41953,610851.8,524433.6,22.83,91.08,6,11100
16,1300,3,4,1990,34,23.325,361.5,82.5,1.05,4.4,5.8,41953,610851.8,524433.6,22.83,91.08,6,3430
16,1430,3,4,1991,34.175,23.9,342.25,81.5,1.2,3.85,5.25,41953,610851.8,524433.6,22.83,91.08,6,5260
16,930,3,4,1992,35.6,24.525,127.5,80.5,1.275,3.075,6.15,41953,610851.8,524433.6,22.83,91.08,6,3210
16,520,3,4,1993,33.625,23.15,386.5,81.75,1.35,4.1,5.7,41953,610851.8,524433.6,22.83,91.08,6,1550
16,700,3,4,1994,34.95,24.375,413.25,78.5,2,3.875,6.425,41953,610851.8,524433.6,22.83,91.08,6,2000
16,910,3,4,1995,35.925,24.15,241.25,76.75,1.725,3.6,6.675,41953,610851.8,524433.6,22.83,91.08,6,3090
16,870,3,4,1996,35.1,24.25,254.5,81.75,1.725,3.875,7.2,41953,610851.8,524433.6,22.83,91.08,6,2940
16,1240,3,4,1997,34.775,23.225,145,81.25,1.075,3.775,6.7,41953,610851.8,524433.6,22.83,91.08,6,4250
16,850,3,4,1998,34.975,23.675,217.25,83,1.45,3.75,6.925,41953,610851.8,524433.6,22.83,91.08,6,2300
16,330,3,4,1999,35.9,24.125,273,81.5,1.35,3.55,6.875,41953,610851.8,524433.6,22.83,91.08,6,780
16,240,3,4,2000,34.55,23.525,321.75,83.25,1.525,4.325,6.325,41953,610851.8,524433.6,22.83,91.08,6,560
16,320,3,4,2001,35.425,23.475,353.5,80.75,1.2,3.65,7.05,41953,610851.8,524433.6,22.83,91.08,6,5100
16,2170,3,4,2002,34.95,23.025,373,81.5,1.075,3.8,6.275,41953,610851.8,524433.6,22.83,91.08,6,5100
16,1120,3,4,2003,36.1,23.625,339.5,81.5,1.3,3.65,6.7,41953,610851.8,524433.6,22.83,91.08,6,2640
16,250,3,4,2004,35.375,24.25,264.5,81.25,1.25,3.65,6.375,41953,610851.8,524433.6,22.83,91.08,6,658
16,140,3,4,2005,36.575,24.45,224.25,80.5,1.25,3.625,7.15,41953,610851.8,524433.6,22.83,91.08,6,529
16,0,3,4,2006,36.625,24.25,251.25,79.25,1.175,3.625,6.7,41953,610851.8,524433.6,22.83,91.08,6,0
16,0,3,4,2007,36.55,23.1,251.75,79.75,1.45,3.375,6.75,41953,610851.8,524433.6,22.83,91.08,6,0
16,0,3,4,2008,36.2,23.925,200,80.5,1.15,3.975,6.5,41953,610851.8,524433.6,22.83,91.08,6,0
16,0,3,4,2009,36.85,24.575,223.25,80.5,2.875,3.825,7.2,41953,610851.8,524433.6,22.83,91.08,6,0
16,80,3,4,2010,36.475,25.25,310,80.5,3.475,4.95,5.725,41953,610851.8,524433.6,22.83,91.08,6,270
16,0,3,4,2011,35.475,23.5,309.25,81.25,3.7,4.575,5.95,41953,610851.8,524433.6,22.83,91.08,6,0
16,0,3,4,2012,35.975,24.55,270,81.5,3.45,4,6.025,41953,610851.8,524433.6,22.83,91.08,6,0
17,141200,3,4,1969,36.7,22.825,108.25,72,1.55,3.725,7.18103448275862,41907,402483.2,667640.8,24.12,89.04,14,445315
17,91210,3,4,1970,39.9,23.55,134.75,68.5,3.9,3.775,7.18103448275862,41907,402483.2,667640.8,24.12,89.04,14,274605
17,85740,3,4,1971,35.525,22.525,134.75,68.5,2.275,3.725,7.18103448275862,41907,402483.2,667640.8,24.12,89.04,14,217915
17,94710,3,4,1972,39.525,23.1,79,60.75,3.525,2.825,7.18103448275862,41907,402483.2,667640.8,24.12,89.04,14,281370
17,77685,3,4,1973,39.525,22.175,282,69.25,3.725,4.275,7.18103448275862,41907,402483.2,667640.8,24.12,89.04,14,189170
17,37525,3,4,1974,37.925,22.1,125.5,70,3.45,3.9,7.18103448275862,41907,402483.2,667640.8,24.12,89.04,14,82565
17,47025,3,4,1975,43.45,22.425,131.75,62.75,3.4,3.375,7.18103448275862,41907,402483.2,667640.8,24.12,89.04,14,130240
17,61940,3,4,1976,38.15,21.425,219.75,62,3.125,3.05,7.18103448275862,41907,402483.2,667640.8,24.12,89.04,14,181925
17,73815,3,4,1977,37.425,21.8,424,70.75,1.925,4.275,7.18103448275862,41907,402483.2,667640.8,24.12,89.04,14,223590
17,95535,3,4,1978,38.35,21.675,185,68.25,2.675,4.025,7.18103448275862,41907,402483.2,667640.8,24.12,89.04,14,307353
17,34150,3,4,1981,37,22.075,242.5,74,1.825,4.125,7.18103448275862,41907,402483.2,667640.8,24.12,89.04,14,122700
17,49160,3,4,1982,38.275,22.65,146.25,69.25,1.8,2.925,7.18103448275862,41907,402483.2,667640.8,24.12,89.04,14,181290
17,51140,3,4,1983,38.55,22.25,163.5,65.75,2.125,3.325,7.18103448275862,41907,402483.2,667640.8,24.12,89.04,14,188180
17,61095,3,4,1984,40.95,23.125,185.5,67,2.675,3.825,7.18103448275862,41907,402483.2,667640.8,24.12,89.04,14,191915
17,73677,3,4,1985,38.65,23.225,105.25,64.25,2.175,3.45,7.3,41907,402483.2,667640.8,24.12,89.04,14,236967
17,36151,3,4,1986,40.425,22,68.5,69.25,3.25,3.35,7.175,41907,402483.2,667640.8,24.12,89.04,14,128344
17,49160,3,4,1987,39.85,21.6,89.25,68.25,2.375,3.05,7.7,41907,402483.2,667640.8,24.12,89.04,14,170725
17,84055,3,4,1988,35.575,22.625,180.25,74.75,1.975,3.9,7.225,41907,402483.2,667640.8,24.12,89.04,14,181845
17,64910,3,4,1989,39.575,22.125,61,66.5,2.075,3,7.2,41907,402483.2,667640.8,24.12,89.04,14,235620
17,61540,3,4,1990,35.925,22.375,192.25,78,1.725,4.225,6.5,41907,402483.2,667640.8,24.12,89.04,14,195700
17,71750,3,4,1991,38.35,22.9,150.75,73.75,1.75,3.925,6.55,41907,402483.2,667640.8,24.12,89.04,14,246100
17,52270,3,4,1992,40.025,23,55.75,65.25,1.975,2.875,7.825,41907,402483.2,667640.8,24.12,89.04,14,196530
17,67910,3,4,1993,37.025,21.75,169.5,74,1.9,4,7.025,41907,402483.2,667640.8,24.12,89.04,14,235650
17,88000,3,4,1994,39.6,23.05,131.25,70.25,1.675,3.775,7.3,41907,402483.2,667640.8,24.12,89.04,14,248000
17,59020,3,4,1995,40.875,23.4,85.75,66,1.975,3.9,6.95,41907,402483.2,667640.8,24.12,89.04,14,201850
17,64710,3,4,1996,38.925,23.3,128.75,71.75,1.6,3.75,7.625,41907,402483.2,667640.8,24.12,89.04,14,226480
17,87190,3,4,1997,37.7,22.275,120.75,75.25,1.45,3.875,7.875,41907,402483.2,667640.8,24.12,89.04,14,309460
17,60160,3,4,1998,38.35,22.525,136.75,76,1.6,4.075,7.575,41907,402483.2,667640.8,24.12,89.04,14,180480
17,58560,3,4,1999,38.75,23.85,147.75,71.5,1.625,3.3,7.325,41907,402483.2,667640.8,24.12,89.04,14,215500
17,54750,3,4,2000,37.575,22.875,167.75,77.75,1.475,3.875,6.725,41907,402483.2,667640.8,24.12,89.04,14,231590
17,56220,3,4,2001,37.1,22.625,184.25,72.75,1.425,3.675,6.9,41907,402483.2,667640.8,24.12,89.04,14,246850
17,60650,3,4,2002,36.925,22.925,133,77.25,1.425,4.05,7.125,41907,402483.2,667640.8,24.12,89.04,14,246850
17,60230,3,4,2003,37.8,23.05,143.25,76.75,1.375,3.775,7.025,41907,402483.2,667640.8,24.12,89.04,14,249950
17,33545,3,4,2004,39.15,23.625,136,74,1.475,3.7,7.125,41907,402483.2,667640.8,24.12,89.04,14,139547
17,35252,3,4,2005,39.375,23.55,94,72.75,1.55,3.65,7.575,41907,402483.2,667640.8,24.12,89.04,14,170620
17,48065,3,4,2006,38.45,23.05,122,73.75,1.075,3.75,7.15,41907,402483.2,667640.8,24.12,89.04,14,239844
17,46040,3,4,2007,39.125,22.85,92.75,72.75,1.1,3.45,7.6,41907,402483.2,667640.8,24.12,89.04,14,183700
17,37970,3,4,2008,37.625,23.425,99.5,75.5,1.175,3.675,6.9,41907,402483.2,667640.8,24.12,89.04,14,157955
17,43657,3,4,2009,39.525,23.275,73.5,70.5,2.575,3.15,7.5,41907,402483.2,667640.8,24.12,89.04,14,186852
17,71678,3,4,2010,39.95,24.45,77,72.25,2.9,3.85,6.975,41907,402483.2,667640.8,24.12,89.04,14,367708
17,79540,3,4,2011,37.325,22.775,133.5,74.25,2.55,4.075,6.975,41907,402483.2,667640.8,24.12,89.04,14,364293
17,84272,3,4,2012,40.4,23.35,75.5,70.5,2.425,3.15,7.25,41907,402483.2,667640.8,24.12,89.04,14,398607
